newsDate,content,id
23/01/05,"企業情報 トップメッセージ 会社概要 早わかり ニチレイってこんな会社 食品の安全・信頼 サステナビリティ サステナビリティ基本方針「ニチレイの約束」 ESG投資家向け情報 ニチレイグループのDX 新たな価値の創造 イニシアチブ IR・投資家情報 トップメッセージ 早わかり ニチレイってこんな会社 統合レポート イニシアチブ 食品の安全・信頼 品質基本方針 食品の安全Q＆A ニチレイフーズ 食の品質・安全への取り組み ニチレイフレッシュ品質 知る・楽しむ 食品ロス研究所 ニチレイCMギャラリ― 早わかりニチレイってこんな会社 ニチレイ75年史 氷の実験室（こおらす） 安全・安心な食の知識（こおらす） 氷と暮らしの物語（こおらす） おいしさへの取り組み（こおらす） IR・投資家情報 PDF 89 KB 各位 2023年1月5日 自己株式取得状況に関するお知らせ 当社は、2022年11月15日開催の取締役会において決議しました、会社法第165条第３項の規定により読み替えて適用される同法第156条の規定に基づく自己株式の取得状況について、下記のとおりお知らせいたします。  記  １．取得対象株式の種類　　当社普通株式 ２．取得した株式の総数　　498,800 株 ３．取得価額の総額　      　1,399,039,788 円 ４．取得期間　         　2022年12月１日～2022年12月31日  （ご参考） １．2022年11月15日開催の取締役会における決議事項 （１）取得対象株式の種類       当社普通株式 （２）取得し得る株式の総数    2,500,000 株（上限） （発行済株式総数（自己株式を除く）に対する割合1.93％） （３）株式の取得価額の総額    50億円（上限） （４）取得期間               2022年11月16日～2023年2月28日  ２．上記取締役会決議日以降に取得した自己株式の累計（2022年12月31日現在） （１）取得した株式の総数       770,800 株 （２）取得価額の総額 　      2,158,589,382 円  以　上 IR・投資家情報",0db2c708e8531765d6a600d5c1e14a9fa047311764eb2b63a763569a33080082
23/01/06,株式会社ニチレイフーズと近畿大学が共同開発した「アセロラブリヒラ」を、北関東を中心に食品スーパー136店舗を展開している株式会社ベイシアの全店舗※で、令和5年（2023年）1月11日（水）から販売します。販売はベイシア限定となります。「アセロラブリヒラ 」は近畿大学が開発したブリとヒラマサのハイブリット種である「ブリヒラ」に、アセロラの抗酸化機能による品質保持効果を期待して、一定期間アセロラの搾りかすを含有した餌を与えた養殖魚です。最先端の養殖技術と飼料の技術でさらなるおいしさと美しさを追求して開発しました。※ベイシアマートを除く 詳しくはこちらをご覧ください。 ニチレイグループ ニチレイフーズグループ 禁無断複写・禁無断転載Copyright © Nichirei Foods Inc. All rights reserved.,cb453ebc9ef8b772c6941125fc63f247bf293b5d26cef1bb1b48d3667a1870ba
23/01/12, 報道関係者各位 株式会社ニチレイフーズ(代表取締役社長・竹永 雅彦)は、2023年春季新商品・リニューアル商品を、家庭用・業務用商品合計で52品発売いたします。 各商品の詳細につきましては、別添いたしました一覧資料をご参照ください。 ※家庭用全品のパッケージ画像および、業務用冷凍食品新商品の代表的な調理例画像をご用意しておりますので、 お手数ですが当社ホームページよりダウンロードをお願いします。 リリース文ダウンロード(PDF:352KB) 【家庭用】 ◆マーケット概要 2022年4～11月の家庭用冷凍食品マーケットは、新型コロナウイルスへの規制緩和により巣ごもり需要が落ち着きを見せるなかでも、品質の高さや利便性が生活者に評価され、全体の間口が広がったことで前年比102%(※)と堅調に推移しています。 ニチレイフーズはこれまでも、時代ごとの社会課題を解決する冷凍食品を提案することで、市場の拡大に貢献してきました。2023年春も、「こだわり品質」「パーソナルユース」 「健康的価値」をコンセプトに、新規需要へ挑戦し続けることで、家庭用冷凍食品マーケットの更なる拡大に尽力してまいります。 ※）インテージSCI冷凍調理品+冷凍農産品「店頭売り_100人当たり購入金額」より ◆2023年度春季 商品概要 【主食】 ・三元豚のバラ肉に、たっぷりのねぎを使った自家製ねぎ塩ダレが食欲をそそる：新商品 『やみつきねぎ塩炒飯』 ・1袋に野菜がたっぷり140g、健康志向のピラフで市場を活性化：新商品 『野菜を食べるピラフ』 ・「冷やし中華」はじめました！かにかまを加え、具材が5種類になって再登場：新商品 『冷やし中華』  【おかず】 ・肉と玉ねぎの具材感にこだわった肉厚メンチカツでおかず市場を活性化：新商品『超メンチカツ』 ・香り高い国産あおさ使用。おかず、お弁当、うどんの具材など、使い方は色々：新商品 『ささみ磯辺揚げ』 ・レンジ調理可能で大容量。朝食、お弁当、おつまみなど、様々な食シーンで大活躍：新商品 『チキンナゲット』  【お弁当】 ・国産ささがきごぼうの豊かな風味と食感が嬉しい：新商品 『鶏ごぼう天』  【スナック】 ・こだわりのいちごミルククリームと、福岡県産あまおういちごパウダーを練り込んだふんわり生地が特長：新商品 『今川焼(いちごミルク)』  【冷凍野菜】 ・彩り豊かな５種の野菜。自然解凍可能で保存に便利なチャック付き：新商品 『そのまま使える 洋風野菜ミックス』 【業務用】 ◆マーケット概要 外食給食産業および量販店惣菜を中心とした業務用冷凍食品マーケットは、この数年間、外部環境の影響を大きく受けてまいりました。外食業態のマーケットは、新型コロナウイルス への規制緩和や政府の支援策により人流が拡大し、2019年の水準まで回復してきました。惣菜業態においても、復活した行楽・イベント需要と、続く在宅需要の双方を取り込みながら マーケットは好調に推移しています。しかし、いずれの業態においても、慢性的な人手不足に伴う店舗オペレーションの負担軽減といった課題が顕在化し、対応が求められています。 一方で、生活者の食の多様化は進行し、美味しさへの欲求や健康への意識、個食需要は年々高まりをみせています。このような環境下、ニチレイフーズは「美味しさの追求」にこだわり、 「食の多様化」「利便性」「健康感」「パーソナルユース」をコンセプトに、各業態の課題や生活者ニーズにあった商品を開発し、業務用冷凍食品マーケットを活性化してまいります。 ◆新商品の開発コンセプトと概要 【美味しさの追求】 ・鶏もも肉の弾力感とジューシー感、衣の香ばしさにこだわった『究極の唐揚げ（あごだし醤油）』『究極の唐揚げ（にんにく醤油）』を発売いたします。 ・シェフの技法を再現した新製法で、クリームの滑らかさを追求した『とろとろクリームコロッケ（かに入り）』を発売いたします。 【食の多様化への対応】 ・アジアンフード『ガイヤーン（タイ風焼き鳥）』『タイ風ピリ辛さつま揚げ』『レストランユース　マッサマンカレー』で、トレンドをおさえたメニュー作りを応援いたします。 ・専門店監修でご家庭でも気軽に名店の味が楽しめる「Chef’s spécialité®」シリーズのラインアップを拡充いたします。 【利便性のご提案】 ・スチームコンベクション調理で揚げたてのような食感を再現した『まるで揚げたて！スチコン唐揚げ』を発売いたします。 ・あらかじめ衣がついており、そのまま揚げるだけの簡便オペレーションで人気の「おつまみ天シリーズ」に、『（衣付き）たらと明太のおつまみ天』を発売いたします。 【健康感のご提案】 ・野菜を美味しく彩りよく、健康感にこだわった惣菜を簡便オペレーションで実現する「Vegedelica®」シリーズのラインアップを拡充いたします。 【パーソナルユース需要への対応】 ・各業態のニーズをとらえた「パーソナルユース商品」で、人手不足に伴う「タイムロス」「チャンスロス」、さらには過剰調理にともなう「食材ロス」の軽減に貢献します。 ※画像をクリックすると拡大表示されます。 【 この件に関するお問合せ先 】 株式会社ニチレイフーズ マーケティング部 広報グループ［担当：大竹・笹嶺・原山］ 〒104-8402 東京都中央区築地六丁目19番20号 ニチレイ東銀座ビル E-mail：N1010X088@nichirei.co.jp 【 掲載される場合の読者からのお問合せ先 】 株式会社ニチレイフーズ　お客様相談センター / TEL：0120-69-2101 ※調理方法の「スチコン」は「スチームコンベクションオーブン」の省略表記です。 ニチレイグループ ニチレイフーズグループ 禁無断複写・禁無断転載Copyright © Nichirei Foods Inc. All rights reserved.,e0bb7248b86c1de1971a9e47879a64d773d8253b1befba9bd876275a46010d5b
23/01/13,BUSINESS GUIDE COMPANY PROFILE & OTHER 2023年01月13日 報道関係者 各位 株式会社ニチレイロジグループ本社（代表取締役社長：梅澤一彦　本社：東京都千代田区神田三崎町）は、株式の50％を保有している英国Kevin Hancockの発行済株式の全てを、2022年12月21日付けで当社の連結子会社である英国Thermotraffic UKを通じて取得し、完全子会社化しましたのでお知らせいたします。 ※英国の低温物流会社の買収に関するお知らせ https://www.nichirei.co.jp/news/2020/360.html 株式会社ニチレイロジグループ本社　経営企画部 Email：N1040X003@nichirei.co.jp Copyright（C）NICHIREI LOGISTICS GROUP INC.,2bbb84af2a5bd01cffba85a57a85ed4de6f0c5662a6d6ff4d44516390d46ee80
23/01/17,  ＜ 一覧に戻る,cbdc5656bdf081fe03c646ee6ebffbc84b69555fed55284bd43dbe47074c8bd1
23/01/19,"BUSINESS GUIDE COMPANY PROFILE & OTHER  ニュースリリース 報道関係各位 2023年1月19日 霧島酒造株式会社 株式会社ニチレイロジグループ本社 霧島酒造株式会社（本社：宮崎県都城市、代表取締役社長：江夏順行、以下霧島酒造）と、株式会社ニチレイロジグループ本社（本社：東京都千代田区、代表取締役社長：梅澤一彦、以下ニチレイロジグループ）は、持続可能な循環型社会の形成を目的とし、霧島酒造が注力する焼酎製造副産物のリサイクル活動の一部において、このたび協働運用を開始しました。 ニチレイロジグループは、南九州地区を中心に、霧島酒造が製造する焼酎の原料であるさつまいもの保管や流通加工業務を受託しています。今回の取り組みは、流通加工業務の過程で発生する芋くずを、霧島酒造のリサイクルプラントに搬入してバイオガスを生成し、有効利用するものです。霧島酒造が注力する焼酎製造副産物のリサイクル活動に物流受託企業として初めて参画し、両社の協働運用が実現しました。 霧島酒造から流通加工および保管業務を受託しているニチレイロジグループの鹿児島曽於物流センターでは、一部原料の受入から洗浄・選別・蒸し・急速凍結・保管までを行っています。これらの加工業務の過程で発生する芋くずについて、これまでは委託先の廃棄物収集運搬事業者を通じて、鹿児島県内の産業廃棄物処理施設で処分していました。しかし、今回、宮崎県から県外産業廃棄物の搬入承認を受けたことで、発生した芋くずを宮崎県にある霧島酒造のリサイクルプラントへ運搬することが可能になりました。リサイクルプラントでは、微生物を使って焼酎粕や芋くずをメタン発酵させ、バイオガスを生成しています。生成されたバイオガスは、焼酎製造工程のボイラー燃料となるほか、電力へと変換(サツマイモ発電)し、工場や地域の電力としても活用しています。今回の取り組みで新たにリサイクルが可能となった芋くずは月間30トン程度で、これはバイオガス発生量3,000Nm3(ノルマル立米)に相当します。  今回、長年さつまいもの流通加工・保管において多大なご協力をいただいております、ニチレイロジグループとの協働運用が実現し、両社一体となってカーボンニュートラルに向けた取り組みを推進できること、大変喜ばしく思います。当社では長年、焼酎粕や芋くずなど、焼酎製造の副産物の有効利用を進めてまいりました。ただ伝統を守るだけではなく、当社にしかできない独自価値や社会的価値の提供に挑戦していきたいと考えており、2030年度までの工場・事務所のCO2排出量実質ゼロを宣言しました。今後も持続可能な焼酎造りの全体構想「KIRISHIMA SATSUMAIMO CYCLE～さつまいもを、エネルギーに。～」を環境活動のビジョンに掲げ、サステナブルな取り組みを推進していきます。 ニチレイロジグループは、食品低温物流事業者として人びとの生活の基盤を支えるとともに、持続可能な社会の実現に向けて環境負荷低減の取り組みにも注力しています。当社は長年、霧島酒造の事業活動を支える物流パートナーとして、事業発展に力を尽くしてまいりました。顧客感動を生み出す商品サービスの提供や地域社会との共生を目指す両社が共に手を携え、今回の協働運用の実現に至ったこと、大変嬉しく思います。“だれやめ”を楽しみながら、ぜひ、焼酎製造の裏側にある本取り組みにも思いを馳せていただければと思います。 今後も霧島酒造とニチレイロジグループは、地域の人びとの暮らしと食を支える共創パートナーとして連携し、持続可能な循環型社会の実現に向けて取り組んでまいります。 株式会社ニチレイロジグループ本社　経営企画部 Email：N1040X003@nichirei.co.jp Copyright（C）NICHIREI LOGISTICS GROUP INC.",cdab7de5d98743cb81fe80285b602ed8bb19e68ecb9949964e3af95ecfe8d310
23/01/20,企業情報 トップメッセージ 会社概要 早わかり ニチレイってこんな会社 食品の安全・信頼 サステナビリティ サステナビリティ基本方針「ニチレイの約束」 ESG投資家向け情報 ニチレイグループのDX 新たな価値の創造 イニシアチブ IR・投資家情報 トップメッセージ 早わかり ニチレイってこんな会社 統合レポート イニシアチブ 食品の安全・信頼 品質基本方針 食品の安全Q＆A ニチレイフーズ 食の品質・安全への取り組み ニチレイフレッシュ品質 知る・楽しむ 食品ロス研究所 ニチレイCMギャラリ― 早わかりニチレイってこんな会社 ニチレイ75年史 氷の実験室（こおらす） 安全・安心な食の知識（こおらす） 氷と暮らしの物語（こおらす） おいしさへの取り組み（こおらす） 2023年1月20日 各位 株式会社ニチレイロジグループ本社  ニチレイロジグループ　人事異動について  株式会社ニチレイロジグループ本社（代表取締役社長：梅澤一彦）の人事異動について以下の通りお知らせいたします。  記  ＜人事異動＞ 役員退任（2023年1月17日付） 氏　　名 新　　　職 継　続　職 旧　　　職 井藤　勉 執行役員  ＜ご参考：株式会社ニチレイロジグループ本社　2023年1月末時点役員体制＞ 役職 氏名 代表取締役社長 梅澤　一彦 取締役専務執行役員 三木　一德 取締役執行役員　業務統括部長 葛原　雅人 取締役執行役員 佐野　義則 取締役 大櫛　顕也 取締役 鈴木　健二 常勤監査役 濵田　茂樹 監査役 板倉　荘二 監査役 澤　英資 執行役員 池田　忠男 執行役員　海外事業推進部長 中村　俊文 執行役員 堀内　博文 執行役員 池田　雅人 執行役員 盛合　洋行 執行役員 齋藤　高明 執行役員 北川　倫太郎 執行役員　経営企画部長　兼　営業戦略部長 嶋本　和訓  ＜本件に関するお問い合わせ先＞ 株式会社ニチレイ　総務広報部　広報グループ Email：N1000X036@nichirei.co.jp  以上 プレスリリース検索 期間 表示順 事業会社で絞り込む プレスリリース 年別一覧表示,0c497a0e75b71e9aea3aaaf2280a37082667f0d8b5d2a906769fd7857d14eb19
23/02/01,"企業情報 トップメッセージ 会社概要 早わかり ニチレイってこんな会社 食品の安全・信頼 サステナビリティ サステナビリティ基本方針「ニチレイの約束」 ESG投資家向け情報 ニチレイグループのDX 新たな価値の創造 イニシアチブ IR・投資家情報 トップメッセージ 早わかり ニチレイってこんな会社 統合レポート イニシアチブ 食品の安全・信頼 品質基本方針 食品の安全Q＆A ニチレイフーズ 食の品質・安全への取り組み ニチレイフレッシュ品質 知る・楽しむ 食品ロス研究所 ニチレイCMギャラリ― 早わかりニチレイってこんな会社 ニチレイ75年史 氷の実験室（こおらす） 安全・安心な食の知識（こおらす） 氷と暮らしの物語（こおらす） おいしさへの取り組み（こおらす） IR・投資家情報 PDF 126KB 各位 2023年2月1日  自己株式取得状況に関するお知らせ （会社法第165条第２項の規定による定款の定めに基づく自己株式の取得） 当社は、2022年11月15日開催の取締役会において決議しました、会社法第165条第３項の規定により読み替えて適用される同法第156条の規定に基づく自己株式の取得状況について、下記のとおりお知らせいたします。  記  １．取得対象株式の種類　　当社普通株式 ２．取得した株式の総数　　655,000 株 ３．取得価額の総額　         1,770,142,196 円 ４．取得期間　　          2023年1月１日～2023年1月31日  （ご参考） １．2022年11月15日開催の取締役会における決議事項 （１）取得対象株式の種類        当社普通株式 （２）取得し得る株式の総数    2,500,000 株（上限） （発行済株式総数（自己株式を除く）に対する割合1.93％） （３）株式の取得価額の総額    50 億円（上限） （４）取得期間               2022年11月16日～2023年2月28日  ２．上記取締役会決議日以降に取得した自己株式の累計（2023年1月31日現在） （１）取得した株式の総数      1,425,800 株 （２）取得価額の総額　       3,928,731,578 円  以　上  IR・投資家情報",46983c81d9936a6e8d85d6090c4e47f43becbdfd1a920e169132ca3dcd5b20f9
23/02/02," 各位 2023 年２月２日 株式会社ニチレイバイオサイエンス 〒104-8402 東京都中央区築地 6-19-20 エコバディス社・サステナビリティ調査（ 2022年）で上位 25%相当の「 シルバー 」評価を2年連続で獲得 ■持続可能な 社会の実現に向けて 株式会社ニチレイバイオサイエンス （代表取締役社⻑：横井英夫 本社：東京都中央区 ）は、エコバディス社（本社：フランス） の2022 年サステナビリティ調査において 、評価対象企業全体の上位 25%相当である 「シルバー」評価を 2年連続で獲得しました。 エコバディス社 は、世界160カ国、 200業種、 90,000 以上の団体・企業を評価する 、サステナビリティ・サプライチェーンの 国際的な 評価機関で、 「環境」 「労働と人権」 「倫理」「持続可能な資源調達」の 4分野において企業のサステナビリティへの取り組みを包括的に評価します。 ニチレイバイオサイエンス は2022 年の調査で 、これまで評価された取り組みの継続に加え、上記４つの観点 、特に「持続可能な資源調達」について の取り組みが高く評価され ました。 ニチレイバイオサイエンス はこれからも、 SDGs で示されたゴール をはじめとする社会問題の解決 を進め、 「持続可能な 社会」の実現に貢献してまいります 。 【本件に関する問い合わせ先】 株式会社ニチレイバイオサイエンス 経営企画部 TEL：03-3248-2207 ",fa36812006d51d9c9f598cc6a730d110440bf73b384f2485fbe96f66fadbf9db
23/02/06,株式会社ニチレイフーズ(代表取締役社長：竹永 雅彦)は、エノテカ株式会社（代表取締役社長：堀 慎二）と共同で、「仕事に追われる忙しい日も、ワインと冷凍食品があれば簡単でおいしい食事になる」というコンセプトのもと、本格的なバル料理が自宅で手軽に楽しめるワンプレートタイプの冷凍食品「アットホームバル®」とエノテカのソムリエが厳選したワインのペアリング提案をエノテカ・オンラインの特設サイトで2月8日から公開します。また、「アットホームバル®とワインのペアリング体験セットが当たる」Twitterフォロー＆リツイートキャンペーンも両社共同で実施します。 【ペアリング提案特設サイト「忙しい日も、ぱっと本格バル気分」】 ■ウェブサイトURL：https://www.enoteca.co.jp/feature/nichireifoods/ ■サイトアップ：2023年2月8日(水)から※常設ページ 【フォロー＆リツイートキャンペーン概要】 ■ウェブサイトURL：https://www.enoteca.co.jp/feature/nichireifoods/twitter-campaign/ ■実施期間：2023年2月8日(水)～2月28日(火) ■SNS媒体：Twitter ■応募方法：エノテカ公式アカウント(@enoteca_online)とニチレイフーズ公式アカウント(@nichirei_foods)をフォローし、対象のツイートをリツイートする ■当選商品：40名様に「アットホームバル®」とワインのペアリングお試しセットをプレゼント 詳しくはこちらをごらんください ニチレイグループ ニチレイフーズグループ 禁無断複写・禁無断転載Copyright © Nichirei Foods Inc. All rights reserved.,eeecd933564763d6f1e1102801096e35665c8ceca0d92b058e471fc5955c6cd8
23/02/15,BUSINESS GUIDE COMPANY PROFILE & OTHER ニチレイロジグループは、2023年2月13日より「冷蔵・冷凍EVトラック」の運行を開始いたしました。 世界的に脱炭素経営の重要性が高まるなか、ニチレイロジグループはニチレイグループサステナビリティ基本方針のひとつである「気候変動への取り組み」に基づき、地球環境に配慮した取り組みを推進しています。 今回導入した3台の車両は、昨年9月開催の国際物流総合展2022に展示した車両と同じ車型であり、株式会社ロジスティクス・ネットワークが首都圏における配送に活用することで、CO2排出量の削減を図ります。 今後も環境負荷低減に注力することで、お客様のサプライチェーンを支える持続可能な物流の実現に努めてまいります。 車両全景  ゴールデンキー授与シーン  ※国際物流総合展2022に冷蔵・冷凍EVトラックを出展 https://www.nichirei-logi.co.jp/news/2022/20220920.html 株式会社ニチレイロジグループ本社　経営企画部 Email:N1040X003@nichirei.co.jp Copyright（C）NICHIREI LOGISTICS GROUP INC.,7f82092fd074a5c7a2d1f548552fc7b222617963f343ff46187743d0612c9678
23/02/17,"企業情報 トップメッセージ 会社概要 早わかり ニチレイってこんな会社 食品の安全・信頼 サステナビリティ サステナビリティ基本方針「ニチレイの約束」 ESG投資家向け情報 ニチレイグループのDX 新たな価値の創造 イニシアチブ IR・投資家情報 トップメッセージ 早わかり ニチレイってこんな会社 統合レポート イニシアチブ 食品の安全・信頼 品質基本方針 食品の安全Q＆A ニチレイフーズ 食の品質・安全への取り組み ニチレイフレッシュ品質 知る・楽しむ 食品ロス研究所 ニチレイCMギャラリ― 早わかりニチレイってこんな会社 ニチレイ75年史 氷の実験室（こおらす） 安全・安心な食の知識（こおらす） 氷と暮らしの物語（こおらす） おいしさへの取り組み（こおらす） 2023年2月17日  各位  株式会社ニチレイロジグループ本社    ベトナムにおける合弁会社設立に関するお知らせ  株式会社ニチレイロジグループ本社（代表取締役社長：梅澤一彦　以下、ニチレイロジグループという）は、Tan Bao An Logistics Joint Stock Company (以下、TBAという)と、2023年1月31日にベトナムで低温物流事業を営む合弁会社の設立に関する契約を締結しましたので、お知らせいたします。新会社は2023年2月中に設立、2023年度中に出資を完了し、2024年度中での新センター設立と同時に事業開始を予定しております。     ＜合弁会社設立の背景＞  ニチレイロジグループは、1988年のオランダを皮切りに欧州へと進出、2004年から中国、2013年からタイ、2018年からマレーシアと、アジア圏でも事業を展開することで、現在の海外事業連結売上高は総売上高の2割を占めるまで成長を続けてきました（※）。さらなる海外事業の拡大を図るため、このたび進出を決めたベトナムは、農林水産品を中心とする輸出商材における巨大市場です。また、中間所得層の増加に伴う生活水準の向上により、輸入商材や小売関連商材をはじめとする国内消費需要が伸長しており、きめ細やかな温度管理が求められる低温物流市場の拡大が見込まれます。  合弁相手であるTBA社は、自社所有の冷蔵・冷凍トラックを活用し、主に小売店向けの輸配送事業を手掛けるベトナム大手の低温運送会社です。冷蔵倉庫運営を含めた包括的な低温物流事業のノウハウを有する当社と、低温運送事業を展開するTBA社が協働することで、お互いの強みを活かした高度な低温物流サービスの提供を見込んでいます。  （※）2022年3月期海外事業連結売上高　459億円    ＜今後の予定＞  新会社は、2024年度中を目標に、ホーチミン市中心部から約20ｋｍ南に位置し、近年輸出貨物取扱拡大が期待されているヒエップフック港にもアクセスが良いロンアン省ロンハウ工業団地に冷蔵倉庫を新設する予定です。将来的には、ベトナム国内の低温物流にとどまらず、周辺国で進出済みのタイやマレーシアとの連携も視野に入れた事業展開を目指してまいります。    ＜合弁会社の概要＞  （１）商号  Nichirei TBA Logistics Vietnam LLC  （２）本社所在地および冷蔵倉庫建設予定地  Lot D.03, Street No. 01, Long Hau Industrial Park, Can Giuoc District, Long An Province, Vietnam  （３）資本金  約4,800億ベトナムドン　(約27億円)  （４）出資比率（出資完了時点）  ニチレイロジグループ本社：85％　TBA：15％  （５）事業内容  冷蔵倉庫業（貨物保管・急速凍結・クロスドッキング）、利用運送業    （６）新センター外観(想定収容パレット枚数：約20,000パレット)      ＜参考資料＞  【ニチレイロジグループ本社の概要】  （１）商号  株式会社ニチレイロジグループ本社  （２）所在地  東京都千代田区神田三崎町三丁目３番２３号  （３）代表取締役社長  梅澤　一彦  （４）資本金  200億円  （５）事業内容  低温物流事業の統括  【TBA社の概要】  （１）商号  Tan Bao An Logistics Joint Stock Company  （２）所在地  No. 2581/53/9C, Huynh Tan Phat Street, Residential Area 4, Phu Xuan Ward, Nha Be District, Ho Chi Minh City  （３）代表取締役社長  Nguyen Quoc Bao  （４）事業内容  低温運送事業    ＜本件に関するお問い合わせ先＞  株式会社ニチレイロジグループ本社　経営企画部  Email： N1040X003@nichirei.co.jp  以　上  プレスリリース検索 期間 表示順 事業会社で絞り込む プレスリリース 年別一覧表示",68f15e22ce7d0ff16892b06f3c3c4a94121ef459fbd31ca17f8e29fbf4c5a2d1
23/02/17,"企業情報 トップメッセージ 会社概要 早わかり ニチレイってこんな会社 食品の安全・信頼 サステナビリティ サステナビリティ基本方針「ニチレイの約束」 ESG投資家向け情報 ニチレイグループのDX 新たな価値の創造 イニシアチブ IR・投資家情報 トップメッセージ 早わかり ニチレイってこんな会社 統合レポート イニシアチブ 食品の安全・信頼 品質基本方針 食品の安全Q＆A ニチレイフーズ 食の品質・安全への取り組み ニチレイフレッシュ品質 知る・楽しむ 食品ロス研究所 ニチレイCMギャラリ― 早わかりニチレイってこんな会社 ニチレイ75年史 氷の実験室（こおらす） 安全・安心な食の知識（こおらす） 氷と暮らしの物語（こおらす） おいしさへの取り組み（こおらす） IR・投資家情報 PDF 102KB 各位 2023年2月17日  自己株式取得状況および取得終了に関するお知らせ （会社法第165条第２項の規定による定款の定めに基づく自己株式の取得） 当社は、2022年11月15日開催の取締役会において決議しました、会社法第165条第３項の規定により読み替えて適用される同法第156条の規定に基づく自己株式の取得状況について、下記のとおりお知らせいたします。 なお、今回の取得をもちまして、2022年11月15日開催の取締役会決議に基づく自己株式の取得は終了しましたので、併せてお知らせいたします。  記  １．取得対象株式の種類　　当社普通株式 ２．取得した株式の総数　　400,600 株 ３．取得価額の総額　　　  1,071,206,903 円 ４．取得期間　         　2023年２月１日～2023年２月16日  （ご参考） １．2022年11月15日開催の取締役会における決議事項 （１）取得対象株式の種類        当社普通株式 （２）取得し得る株式の総数     2,500,000 株（上限） （発行済株式総数（自己株式を除く）に対する割合1.93％） （３）株式の取得価額の総額     50 億円（上限） （４）取得期間                2022年11月16日～2023年2月28日  ２．上記取締役会決議に基づき取得した自己株式の累計 （１）取得した株式の総数        1,826,400 株 （２）取得価額の総額　         4,999,938,481 円  以　上 IR・投資家情報",a3cc1783e8564ce07c681cdc5b192eb16b66ce5f508ca0b2a3b283d6bcdb1838
23/02/20,"企業情報 トップメッセージ 会社概要 早わかり ニチレイってこんな会社 食品の安全・信頼 サステナビリティ サステナビリティ基本方針「ニチレイの約束」 ESG投資家向け情報 ニチレイグループのDX 新たな価値の創造 イニシアチブ IR・投資家情報 トップメッセージ 早わかり ニチレイってこんな会社 統合レポート イニシアチブ 食品の安全・信頼 品質基本方針 食品の安全Q＆A ニチレイフーズ 食の品質・安全への取り組み ニチレイフレッシュ品質 知る・楽しむ 食品ロス研究所 ニチレイCMギャラリ― 早わかりニチレイってこんな会社 ニチレイ75年史 氷の実験室（こおらす） 安全・安心な食の知識（こおらす） 氷と暮らしの物語（こおらす） おいしさへの取り組み（こおらす） 2023年2月20日 各位 株式会社ニチレイ   「トルコ・シリア地震」に伴う被災地への支援について  この度の「トルコ・シリア地震」の被害により、犠牲になられた方々へ謹んで哀悼の意を表しますとともに、被災された方々に心よりお見舞い申し上げます。  株式会社ニチレイ（本社：東京都中央区、代表取締役社長：大櫛顕也）は、被災地での救援活動、復興支援にお役立ていただきたいとの思いから、国際連合の食料支援機関である国連WFP協会に対して、1,000万円を寄付いたします。  今回の寄付金は、同協会を通じ、トルコ・シリアにおける食料支援に活用されます。  被災地の一日も早い復旧・復興をお祈り申し上げます。   ＜本件に関するお問い合わせ先＞ 株式会社ニチレイ　総務広報部　広報グループ  Email: N1000X036@nichirei.co.jp     プレスリリース検索 期間 表示順 事業会社で絞り込む プレスリリース 年別一覧表示",0f278f546b6e96516b250d67130b1caa5254ae63384d9ea2e99384301501ba41
23/02/21,企業情報 トップメッセージ 会社概要 早わかり ニチレイってこんな会社 食品の安全・信頼 サステナビリティ サステナビリティ基本方針「ニチレイの約束」 ESG投資家向け情報 ニチレイグループのDX 新たな価値の創造 イニシアチブ IR・投資家情報 トップメッセージ 早わかり ニチレイってこんな会社 統合レポート イニシアチブ 食品の安全・信頼 品質基本方針 食品の安全Q＆A ニチレイフーズ 食の品質・安全への取り組み ニチレイフレッシュ品質 知る・楽しむ 食品ロス研究所 ニチレイCMギャラリ― 早わかりニチレイってこんな会社 ニチレイ75年史 氷の実験室（こおらす） 安全・安心な食の知識（こおらす） 氷と暮らしの物語（こおらす） おいしさへの取り組み（こおらす） IR・投資家情報 各位 2023年2月21日 ニチレイグループ　組織変更および人事異動について  ニチレイグループ各社の組織変更および人事異動について決定しましたので、お知らせいたします。  Ⅰ．株式会社ニチレイ（当社）  1.    組織変更  ［1］     廃止（2023年3月31日付） ・技術戦略企画部 ※知的財産機能は法務部に、基盤研究機能はニチレイフーズに移管 ・経営管理部 ※グループモニタリング機能は経営企画部・経理部・総務部（後述）に、IR機能は広報IR部（後述）に移管 ・総務広報部 ※総務部と広報IR部に再編  ［2］再編（2023年4月1日付） ・広報IR部 ※社内外のコミュニケーション強化を図るため、広報機能とIR機能を統合 ・総務部 ※総務機能強化を図るため独立部署とする  [3]移設（2023年4月1日付） ・新価値創造部 ※意思決定と行動の迅速化を図るため、戦略本部から社長直轄の部署へ移設   2.人事異動 2023年6月の役員異動については、2023年6月開催予定の第105期定時株主総会および 株主総会後の取締役会において正式に決定する予定です。   ［1］     役員委嘱事項変更（2023年4月1日付） 氏　　名 新　　　職 継　続　職 旧　　　職 川﨑　順司 上席執行役員 取締役　品質保証部・新価値創造部管掌 執行役員　戦略本部副本部長　技術戦略企画部長 梅澤　一彦 上席執行役員 取締役 執行役員 竹永　雅彦 上席執行役員 取締役 執行役員 田邉　弥 上席執行役員 取締役 執行役員 鈴木　健二 上席執行役員　広報IR部・経営監査部管掌 取締役　コーポレートマネジメント本部長　経理部・不動産事業部管掌　財務部長 執行役員　経営管理部管掌 狩野　豊 上席執行役員　総務部長 コーポレートマネジメント本部副本部長　法務部管掌 人事部長　兼　秘書室長 執行役員　総務広報部長 横井　英夫 上席執行役員  執行役員 髙久　祐一 上席執行役員　戦略本部副本部長　サステナビリティ推進部管掌 情報戦略部管掌　経営企画部長 執行役員　サステナビリティ推進部長  ［2］     役員新任（2023年4月1日付） 氏　　名 新　　　職 継　続　職 旧　　　職 奥河　卓司 執行役員 品質保証部長  坂口　譲司 執行役員 情報戦略部長   ［3］     その他の異動（2023年4月1日付） 氏　　名 新　　　職 継　続　職 旧　　　職 亀井　誠 サステナビリティ推進部長  サステナビリティ推進部付部長 市川　俊 経理部長   宮腰　保志 広報IR部長   大渕　正 経営監査部長  経理部長 石崎　正洋 経営企画部付部長   佐藤　康範 経理部付部長  経営管理部長 大角　浩之 財務部付部長   川上　誠一朗 総務部付部長  総務広報部付部長  ［4］     役員退任（2023年6月） 氏　　名 新　　　職 継　続　職 旧　　　職 川﨑　順司   取締役上席執行役員　品質保証部・新価値創造部管掌  ［5］     役員委嘱事項変更（2023年6月） 氏　　名 新　　　職 継　続　職 旧　　　職 鈴木　健二 品質保証部管掌 取締役上席執行役員　コーポレートマネジメント本部長　経理部・広報IR部・経営監査部・不動産事業部管掌　財務部長   ［6］役員新任（2023年6月） 氏　　名 新　　　職 継　続　職 旧　　　職 髙久　祐一 取締役 上席執行役員　戦略本部副本部長　情報戦略部・サステナビリティ推進部管掌　経営企画部長     Ⅱ．ニチレイグループ各社 ニチレイグループ各社の2023年6月の役員異動については、2023年6月開催予定の 各社定時株主総会および株主総会後の取締役会において正式に決定する予定です。  1.株式会社ニチレイフーズ  （1）     組織変更  ［1］廃止（2023年3月31日付） ・広域事業部広域営業第四部 ※広域事業部における一部業務を家庭用事業部・業務用事業部へ移管  ［2］新設（2023年4月1日付） ・食品総合研究所 ※研究開発機能と商品開発機能の連携強化を図るため。 食品総合研究所には、研究開発部と商品開発部を配置する ・家庭用事業部家庭用商品部 ・家庭用事業部家庭用営業部 ※事業戦略の立案と遂行の迅速化を図るため  ［3］移設（2023年4月1日付） ・生産統括部技術戦略部 ※生産技術に関わる戦略遂行と意思決定の迅速化を図るため、技術戦略部を生産統括部に移設  ［4］改称（2023年4月1日付） ・業務用事業部業務用商品部 ※業務用事業部商品部から改称 ・業務用事業部業務用営業部 ※業務用事業部営業推進部から改称  （2）人事異動  ［1］     役員退任（2023年3月31日付） 氏　　名 新　　　職 継　続　職 旧　　　職 北村　次郎 株式会社ニチレイ・アイス代表取締役社長（2023年4月1日就任予定）  執行役員 事業推進部関西支社長  ［2］     役員委嘱事項変更（2023年4月1日付） 氏　　名 新　　　職 継　続　職 旧　　　職 中野 泰寿 品質保証部管掌　食品総合研究所長 取締役専務執行役員 管理部・国際事業部管掌　生産統括部長 技術戦略部・研究開発部・商品開発部管掌 山本　友紀 経営企画部長 執行役員　サステナビリティ推進部管掌 管理部長 宮川　浩幸 広域事業部長 執行役員 コンシューマー商品担当　家庭用事業部長 松田　大資 食品総合研究所商品開発部長 執行役員 商品開発部長  ［3］     役員新任（2023年4月1日付） 氏　　名 新　　　職 継　続　職 旧　　　職 高橋　健二 執行役員 事業推進部首都圏支社長  上野　直之 執行役員 品質保証部長  清川　吾朗 執行役員 コンシューマー商品担当　家庭用事業部長  広域事業部長  ［4］     その他の異動（2023年4月1日付） 氏　　名 新　　　職 継　続　職 旧　　　職 大野　真 管理部長  人事部長 石橋　昌之 人事部長  人事部付部長 藤間　寿郎 生産統括部船橋第三工場長   森　公博 食品総合研究所商品開発部第一ユニット長   太田　崇 事業推進部東北支社長  広域事業部広域営業第一部長 船越　亮志 事業推進部関西支社長  事業推進部東北支社長 室井　健二朗 業務用事業部業務用商品部長  業務用事業部商品部付部長 山川　貴 業務用事業部業務用営業部長  業務用事業部付部長　兼　業務用事業部商品部長　兼　業務用事業部営業推進部長 城戸　俊治 家庭用事業部家庭用商品部長   島本　雅嗣 家庭用事業部家庭用営業部長  広域事業部広域営業第三部長 松田　佳哲 広域事業部広域営業第一部長  広域事業部広域営業第一部付部長 鈴木　晶基 広域事業部広域営業第三部長  広域事業部広域営業第四部長 三好　哲雄 経営企画部付部長  家庭用事業部付部長 古市　芳仁 管理部付部長  生産統括部船橋第三工場長 青木　仁史 食品総合研究所研究開発部付部長   金子　宏樹 国際事業部アセロラ事業推進部付部長    ［5］     役員退任（2023年6月） 氏　　名 新　　　職 継　続　職 旧　　　職 田中　達哉   監査役   2.株式会社ニチレイフレッシュ  （1）     組織変更  ［1］廃止（2023年3月31日付） ・広域営業部 ※業務の効率化を図るため、東日本支社および西日本支社へ機能移管  ［2］新設（2023年4月1日付） ・事業改革推進部 ※水産・畜産事業部の構造改革を推進するため、独立部署を新設 ・営業統括部 ※営業部門の一本化による販売戦略の推進力強化のため。 営業統括部には、東日本支社と西日本支社を配置する。  （2）     人事異動  ［1］     役員退任（2023年3月31日付） 氏　　名 新　　　職 継　続　職 旧　　　職 古屋　博章   執行役員 東日本支社長  ［2］     委嘱事項変更（2023年4月1日付） 氏　　名 新　　　職 継　続　職 旧　　　職 足達　史郎 営業統括部長　兼　東日本支社長 執行役員 広域営業部長  ［3］     役員新任（2023年4月1日付） 氏　　名 新　　　職 継　続　職 旧　　　職 七澤　正市 取締役 事業改革推進部管掌 執行役員　経営企画部長  森山　洋行 執行役員　営業統括部副部長  西日本支社長  ［4］     その他の異動（2023年4月1日付） 氏　　名 新　　　職 継　続　職 旧　　　職 冨永　俊達 事業改革推進部長 水産事業部付部長  本田　実 西日本支社長    ［5］     役員退任（2023年6月） 氏　　名 新　　　職 継　続　職 旧　　　職 兼城　賢   監査役 細井　亮   監査役  ［6］     役員新任（2023年6月） 氏　　名 新　　　職 継　続　職 旧　　　職 吉野　俊樹 監査役     3.株式会社ニチレイロジグループ本社  （1）     人事異動  ［1］     役員新任（2023年4月1日付） 氏　　名 新　　　職 継　続　職 旧　　　職 林　正徳 執行役員   植原　徹 執行役員    ［2］     役員退任（2023年6月） 氏　　名 新　　　職 継　続　職 旧　　　職 鈴木　健二   取締役 板倉　莊二   監査役 澤　英資   監査役  ［3］     役員新任（2023年6月） 氏　　名 新　　　職 継　続　職 旧　　　職 盛合　洋行 取締役 執行役員  嶋本　和訓 取締役 執行役員　経営企画部長　兼　営業戦略部長  大角　浩之 監査役     4.株式会社ニチレイバイオサイエンス  （1）人事異動  ［1］     役員委嘱事項変更（2023年4月1日付） 氏　　名 新　　　職 継　続　職 旧　　　職 武永　正人  取締役 会長 服巻　克之 研究開発部担当 技術生産部長 執行役員 経営企画部長  ［2］     役員新任（2023年4月1日付） 氏　　名 新　　　職 継　続　職 旧　　　職 田邊　英矢 執行役員　経営企画部長  技術生産部長  ［3］     役員退任（2023年6月） 氏　　名 新　　　職 継　続　職 旧　　　職 武永　正人   取締役 山口　修   監査役  ［4］     役員新任（2023年6月） 氏　　名 新　　　職 継　続　職 旧　　　職 村山　匡秀 監査役      ＜別表①　2023年4月1日時点　役員体制（予定）＞ 【ニチレイ】 役　　　　　職 氏　　名 代表取締役社長　戦略本部長 大櫛　顕也 取締役上席執行役員　品質保証部・新価値創造部管掌 川﨑　順司 取締役上席執行役員 梅澤　一彦 取締役上席執行役員 竹永　雅彦 取締役上席執行役員 田邉　弥 取締役上席執行役員　コーポレートマネジメント本部長　経理部・広報IR部・経営監査部・不動産事業部管掌　財務部長 鈴木　健二 社外取締役 昌子　久仁子 社外取締役 鍋嶋　麻奈 社外取締役 濱　逸夫 社外取締役 濱島　健爾 常勤監査役 加藤　達志 常勤監査役 片渕　哲郎 社外監査役 齊藤　雄彦 社外監査役 朝比奈　清 社外監査役 清田　宗明 上席執行役員　コーポレートマネジメント本部副本部長　法務部管掌　総務部長　兼　人事部長　兼　秘書室長 狩野　豊 上席執行役員 横井　英夫 上席執行役員　戦略本部副本部長　情報戦略部・サステナビリティ推進部管掌　経営企画部長 髙久　祐一 執行役員　品質保証部長 奥河　卓司 執行役員　情報戦略部長 坂口　譲司 【ニチレイフーズ】 役　職 氏　名 代表取締役社長 竹永　雅彦 取締役専務執行役員　管理部・品質保証部・国際事業部管掌  生産統括部長 兼 食品総合研究所長 中野　泰寿 取締役専務執行役員　物流部・マーケティング部・業務用事業部・家庭用事業部・広域事業部・ウエルライフ事業部管掌 事業推進部長 松尾　哲哉 取締役 大櫛　顕也 常勤監査役 不破　勝利 監査役 田中　達哉 監査役 石崎　正洋 常務執行役員　ハミダス推進部・人事部管掌　ダイバーシティ推進部長 片岡　恵美 常務執行役員　国際事業部長 小幡　修平 執行役員　北米担当　（イノバジアン・クイジーン・エンタープライズ取締役執行役会長　兼　取締役会議長） 荒木　琢也 執行役員　サステナビリティ推進部管掌　経営企画部長 山本　友紀 執行役員　広域事業部長 宮川　浩幸 執行役員　業務用事業部長 滝　英明 執行役員　生産統括部付部長　兼　生産統括部国内生産管理部長　兼　生産統括部素材調達部長 若松　新吾 執行役員　食品総合研究所商品開発部長 松田　大資 執行役員　事業推進部首都圏支社長 高橋　健二 執行役員　品質保証部長 上野　直之 執行役員　コンシューマー商品担当　家庭用事業部長 清川　吾朗 【株式会社ニチレイフレッシュ】  役職 氏名 代表取締役社長 田邉　弥 取締役常務執行役員　畜産事業部長 澤﨑　元 取締役常務執行役員　水産事業部長　兼　海外事業部長 吉原　隆之 取締役執行役員　事業改革推進部管掌　経営企画部長 七澤　正市 取締役 大櫛　顕也 常勤監査役 柳沢　健二 監査役 兼城　賢 監査役 細井　亮 執行役員　営業統括部長　兼　東日本支社長 足達　史郎 執行役員　品質保証部長　兼　生産部長 富山　勉 執行役員　サステナビリティ推進部長 園田　慎 執行役員　管理部長 金田　康史 執行役員　営業統括部副部長 森山　洋行 【株式会社ニチレイロジグループ本社】  役職 氏名 代表取締役社長 梅澤　一彦 取締役専務執行役員 三木　一德 取締役執行役員　業務統括部長 葛原　雅人 取締役執行役員 佐野　義則 取締役 大櫛　顕也 取締役 鈴木　健二 常勤監査役 濵田　茂樹 監査役 板倉　莊二 監査役 澤　英資 執行役員 盛合　洋行 執行役員　経営企画部長　兼　営業戦略部長 嶋本　和訓 執行役員 池田　忠男 執行役員　海外事業推進部長 中村　俊文 執行役員 堀内　博文 執行役員 池田　雅人 執行役員 齋藤　高明 執行役員 北川　倫太郎 執行役員 林　正徳 執行役員 植原　徹 【ニチレイロジグループ　主要各社】  役職 氏名 株式会社ロジスティクス・ネットワーク　代表取締役社長 盛合　洋行 株式会社ＮＫトランス　代表取締役社長 石上　司 株式会社ニチレイ・ロジスティクス北海道　社長執行役員 田代　良輔 株式会社ニチレイ・ロジスティクス東北　社長執行役員 大野　圭一 株式会社キョクレイ　代表取締役社長 堀内　博文 株式会社ニチレイ・ロジスティクス東海　代表取締役社長 北川　倫太郎 株式会社ニチレイ・ロジスティクス関西　代表取締役社長 池田　雅人 株式会社ニチレイ・ロジスティクス中四国　社長執行役員 田崎　克明 株式会社ニチレイ・ロジスティクス九州　代表取締役社長 池田　忠男 株式会社ニチレイ・ロジスティクスエンジニアリング　代表取締役社長 北村　聡 株式会社ニチレイ・ロジスティクス北海道　田代良輔社長執行役員、株式会社ニチレイ・ロジスティクス東北　大野圭一社長執行役員、株式会社ニチレイ・ロジスティクス中四国　田崎克明社長執行役員は各社の株主総会後に代表取締役社長に就任予定  【株式会社ニチレイバイオサイエンス】 役　　　職 氏　　名 代表取締役社長 横井　英夫 取締役専務執行役員　経営企画部・人事総務部管掌 宇田川　辰雄 取締役執行役員　バイオ医薬品原料事業部長 中村　充 取締役 武永　正人 監査役 田口　巧 監査役 山口　修 執行役員　研究開発部担当 技術生産部長 服巻　克之 執行役員　経営企画部長 田邊　英矢   ＜別表②　2023年6月時点　役員体制（予定）＞ 【ニチレイ】 役　　　　　職 氏　　名 代表取締役社長　戦略本部長 大櫛　顕也 取締役上席執行役員 梅澤　一彦 取締役上席執行役員 竹永　雅彦 取締役上席執行役員 田邉　弥 取締役上席執行役員　コーポレートマネジメント本部長　経理部・広報IR部・経営監査部・品質保証部・不動産事業部管掌　財務部長 鈴木　健二 取締役上席執行役員　戦略本部副本部長　情報戦略部・サステナビリティ推進部管掌　経営企画部長 髙久　祐一 社外取締役 昌子　久仁子 社外取締役 鍋嶋　麻奈 社外取締役 濱　逸夫 社外取締役 濱島　健爾 常勤監査役 加藤　達志 常勤監査役 片渕　哲郎 社外監査役 齊藤　雄彦 社外監査役 朝比奈　清 社外監査役 清田　宗明 上席執行役員　コーポレートマネジメント本部副本部長　法務部管掌　総務部長　兼　人事部長　兼　秘書室長 狩野　豊 上席執行役員 横井　英夫 執行役員　品質保証部長 奥河　卓司 執行役員　情報戦略部長 坂口　譲司 【ニチレイフーズ】 役　職 氏　名 代表取締役社長 竹永　雅彦 取締役専務執行役員　管理部・品質保証部・国際事業部管掌  生産統括部長 兼 食品総合研究所長 中野　泰寿 取締役専務執行役員　物流部・マーケティング部・業務用事業部・家庭用事業部・広域事業部・ウエルライフ事業部管掌 事業推進部長 松尾　哲哉 取締役 大櫛　顕也 常勤監査役 不破　勝利 監査役 石崎　正洋 常務執行役員　ハミダス推進部・人事部管掌　ダイバーシティ推進部長 片岡　恵美 常務執行役員　国際事業部長 小幡　修平 執行役員　北米担当　（イノバジアン・クイジーン・エンタープライズ取締役執行役会長　兼　取締役会議長） 荒木　琢也 執行役員　サステナビリティ推進部管掌　経営企画部長 山本　友紀 執行役員　広域事業部長 宮川　浩幸 執行役員　業務用事業部長 滝　英明 執行役員　生産統括部付部長　兼　生産統括部国内生産管理部長　兼　生産統括部素材調達部長 若松　新吾 執行役員　食品総合研究所商品開発部長 松田　大資 執行役員　事業推進部首都圏支社長 高橋　健二 執行役員　品質保証部長 上野　直之 執行役員　コンシューマー商品担当　家庭用事業部長 清川　吾朗 【株式会社ニチレイフレッシュ】 役職 氏名 代表取締役社長 田邉　弥 取締役常務執行役員　畜産事業部長 澤﨑　元 取締役常務執行役員　水産事業部長　兼　海外事業部長 吉原　隆之 取締役執行役員　事業改革推進部管掌　経営企画部長 七澤　正市 取締役 大櫛　顕也 常勤監査役 柳沢　健二 監査役 吉野　俊樹 執行役員　営業統括部長　兼　東日本支社長 足達　史郎 執行役員　品質保証部長　兼　生産部長 富山　勉 執行役員　サステナビリティ推進部長 園田　慎 執行役員　管理部長 金田　康史 執行役員　営業統括部副部長 森山　洋行   【株式会社ニチレイロジグループ本社】 役職 氏名 代表取締役社長 梅澤　一彦 取締役専務執行役員 三木　一德 取締役執行役員　業務統括部長 葛原　雅人 取締役執行役員 佐野　義則 取締役 大櫛　顕也 取締役執行役員 盛合　洋行 取締役執行役員　経営企画部長　兼　営業戦略部長 嶋本　和訓 常勤監査役 濵田　茂樹 監査役 大角　浩之 執行役員 池田　忠男 執行役員　海外事業推進部長 中村　俊文 執行役員 堀内　博文 執行役員 池田　雅人 執行役員 齋藤　高明 執行役員 北川　倫太郎 執行役員 林　正徳 執行役員 植原　徹 【ニチレイロジグループ　主要各社】 役職 氏名 株式会社ロジスティクス・ネットワーク　代表取締役社長 盛合　洋行 株式会社ＮＫトランス　代表取締役社長 石上　司 株式会社ニチレイ・ロジスティクス北海道　代表取締役社長 田代　良輔 株式会社ニチレイ・ロジスティクス東北　代表取締役社長 大野　圭一 株式会社キョクレイ　代表取締役社長 堀内　博文 株式会社ニチレイ・ロジスティクス東海　代表取締役社長 北川　倫太郎 株式会社ニチレイ・ロジスティクス関西　代表取締役社長 池田　雅人 株式会社ニチレイ・ロジスティクス中四国　代表取締役社長 田崎　克明 株式会社ニチレイ・ロジスティクス九州　代表取締役社長 池田　忠男 株式会社ニチレイ・ロジスティクスエンジニアリング　代表取締役社長 北村　聡 【株式会社ニチレイバイオサイエンス】 役　　　職 氏　　名 代表取締役社長 横井　英夫 取締役専務執行役員　経営企画部・人事総務部管掌 宇田川　辰雄 取締役執行役員　バイオ医薬品原料事業部長 中村　充 監査役 田口　巧 監査役 村山　匡秀 執行役員　研究開発部担当 技術生産部長 服巻　克之 執行役員　経営企画部長 田邊　英矢   以上 IR・投資家情報,15a57b423493623762c7c060fed3ee3aea64bf137dc8da6b422cb85aa251334a
23/03/01,"企業情報 トップメッセージ 会社概要 早わかり ニチレイってこんな会社 食品の安全・信頼 サステナビリティ サステナビリティ基本方針「ニチレイの約束」 ESG投資家向け情報 ニチレイグループのDX 新たな価値の創造 イニシアチブ IR・投資家情報 トップメッセージ 早わかり ニチレイってこんな会社 統合レポート イニシアチブ 食品の安全・信頼 品質基本方針 食品の安全Q＆A ニチレイフーズ 食の品質・安全への取り組み ニチレイフレッシュ品質 知る・楽しむ 食品ロス研究所 ニチレイCMギャラリ― 早わかりニチレイってこんな会社 ニチレイ75年史 氷の実験室（こおらす） 安全・安心な食の知識（こおらす） 氷と暮らしの物語（こおらす） おいしさへの取り組み（こおらす） 2023年3月1日 各位 株式会社ニチレイロジグループ本社  マレーシアNL COLD CHAIN NETWORK（M）SDN. BHD.の 完全子会社化に関するお知らせ  株式会社ニチレイロジグループ本社（代表取締役社長：梅澤一彦　本社：東京都千代田区神田三崎町）は、株式の40％を保有しているマレーシアNL COLD CHAIN NETWORK（M）SDN. BHD.（以下　NLCCN）の発行済株式の全てを、2023年2月28日付けで取得し、完全子会社化しましたのでお知らせいたします。  ニチレイロジグループは、マレーシアでは2018年6月のNLCCNへの出資、2022年6月のNL LITT TATT GROUP SDN. BHD.への出資により事業を展開してきました。今回の完全子会社化を機に、経営判断の迅速化による適切な事業投資を通じてマレーシア事業のさらなる拡大を図ります。  ＜異動する子会社の概要＞ （１）  商号：NL COLD CHAIN NETWORK（M）SDN. BHD. （２）  所在地：No. 3, Jalan Perindustrian Puchong Bandar Metro Puchong, 47160 Puchong Selangor, MALAYSIA （３）  設立：2002年 （４）  資本金：62,380千リンギット（約19.2億円） （５）  主な事業：冷蔵・冷凍倉庫業、利用運送業 （６）  冷蔵倉庫設備能力：44,235トン（冷凍28,684トン・冷蔵10,645トン・常温4,906トン） （７）  2022年度売上高：36,275千リンギット（約11.1億円）  ＜参考資料＞ 【NL LITT TATT GROUP SDN.BHD.傘下企業：Litt Tatt Enterprise Sdn.Bhd.概要】 （１）  商号：Litt Tatt Enterprise Sdn.Bhd. （２）  所在地：No. 9, Jalan Laksamana 1A/KS7, Taman Sentosa, 41200, Klang, Selangor, MALAYSIA （３）  設立：1997年3月 （４）  資本金：25万リンギット（約0.1億円） （５）  主な事業：低温輸送・冷凍冷蔵倉庫  【NL LITT TATT GROUP SDN.BHD.傘下企業：Litt Tatt Distribution Sdn.Bhd.概要】 （１）  商号：Litt Tatt Distribution Sdn.Bhd. （２）  所在地：No. 9, Jalan Laksamana 1A/KS7, Taman Sentosa, 41200, Klang, Selangor, MALAYSIA （３）  設立：1993年5月 （４）  資本金：25万リンギット（約0.1億円） （５）  主な事業：倉庫賃貸・運送車両賃貸及び修繕  ・マレーシアにおける低温物流事業会社への出資に関するお知らせ （NL COLD CHAIN NETWORK（M）SDN. BHD.） https://www.nichirei.co.jp/news/2018/309.html  ・マレーシアにおける低温物流事業会社への出資に関するお知らせ （NL LITT TATT GROUP SDN.BHD.） https://www.nichirei-logi.co.jp/news/2022/20220415.html  ＜本件に関するお問い合わせ先＞ 株式会社ニチレイロジグループ本社　経営企画部 Email：N1040X003@nichirei.co.jp  以上 プレスリリース検索 期間 表示順 事業会社で絞り込む プレスリリース 年別一覧表示",6e105b30d73d09d473cf5a13a58ccc13282124f1e1cca677ee05733bf41b1214
23/03/01,報道関係者各位 株式会社ニチレイフーズ 株式会社ニチレイフーズ（代表取締役社長：竹永雅彦、以下「ニチレイフーズ」）は、2023年5月1日に『冷やし中華（ごまだれ）』『極上ハンバーグ（和風おろしソース）』を、家庭用冷凍食品として新発売いたします。 ◆開発背景 ニチレイフーズでは、「世帯の少人数化」「単身世帯の増加」の進展や、新型コロナウイルス感染症拡大による在宅勤務の定着等を背景に、業態の垣根を越えて拡大する個食需要を「パーソナルユース需要」と定義し、全業態への展開をすすめております。 家庭用向けの「パーソナルユース需要」対応商品として、昨年発売した『冷やし中華』は半年で200万食を突破し、今までに存在しなかった「“冷凍”冷やし中華」の新しい市場を創造することができました。また『極上ハンバーグ』は、その品質の高さから家庭での夕食需要をとらえ、冷凍ハンバーグ市場の底上げに貢献しております。 このたび、「パーソナルユース」市場をさらに活性化すべく、人気商品の品揃えを拡充いたします。 【 報道機関お問合せ先 】 株式会社ニチレイフーズ マーケティング部 広報グループ　［担当：大竹・笹嶺・原山］ 〒104-8402 東京都中央区築地六丁目19番20号 ニチレイ東銀座ビル E-mail：N1010X088@nichirei.co.jp 【掲載される場合の読者からのお問合せ先】 株式会社ニチレイフーズ　お客様相談センター / TEL：0120-69-2101 ニチレイグループ ニチレイフーズグループ 禁無断複写・禁無断転載Copyright © Nichirei Foods Inc. All rights reserved.,34ddc0bbfa5c0ff3415c12188921716b87b4a7ae44556c9effcc461c2d311086
23/03/07,企業情報 トップメッセージ 会社概要 早わかり ニチレイってこんな会社 食品の安全・信頼 サステナビリティ サステナビリティ基本方針「ニチレイの約束」 ESG投資家向け情報 ニチレイグループのDX 新たな価値の創造 イニシアチブ IR・投資家情報 トップメッセージ 早わかり ニチレイってこんな会社 統合レポート イニシアチブ 食品の安全・信頼 品質基本方針 食品の安全Q＆A ニチレイフーズ 食の品質・安全への取り組み ニチレイフレッシュ品質 知る・楽しむ 食品ロス研究所 ニチレイCMギャラリ― 早わかりニチレイってこんな会社 ニチレイ75年史 氷の実験室（こおらす） 安全・安心な食の知識（こおらす） 氷と暮らしの物語（こおらす） おいしさへの取り組み（こおらす） 2023年3月7日 各位 株式会社ニチレイ  「日経統合報告書アワード2022」において優秀賞を受賞 株式会社ニチレイ（本社：東京都中央区　代表取締役社長：大櫛顕也）は、日本経済新聞社主催の「日経統合報告書アワード2022」において、優秀賞を受賞しました。  「日経統合報告書アワード」は、日本企業が発行する統合報告書の更なる充実と普及を目的として、日本経済新聞社が毎年開催しているものです（※）。企業経営における非財務情報を開示し、財務情報に包摂して企業価値を説明することの重要性が高まる中、統合報告書は近年大いに注目を集めています。  当社では、投資家を中心としたステークホルダーの皆様との重要なコミュニケーションツールとして、2018年より統合レポートを発刊しております。当社の目指す姿や、サステナブルな成長に向けた価値創造の取り組みを体系的にご理解いただくため、財務情報と非財務情報を事業戦略とともに、わかりやすくお伝えすることを目指しています。 今回の受賞では、企業特性に合った重要な経営目標指標の抽出やKPIの提示、成果公表に関する項目が特に評価されました。  今後も統合レポートの一層の改善に努め、有益な財務・非財務情報を発信してまいります。  「ニチレイグループ 統合レポート　2022」は、こちらから  ※1998年～2020年「日経アニュアルリポートアウォード」として開催、2021年から改称。  （ご参考）「日経統合報告書アワード2022」審査結果 URL：https://adnet.nikkei.co.jp/a/nira/result22.html ＜本件に関するお問い合わせ先＞ 株式会社ニチレイ　総務広報部　広報グループ Email: N1000X036@nichirei.co.jp  以上 プレスリリース検索 期間 表示順 事業会社で絞り込む プレスリリース 年別一覧表示,2e422f7cb86328aeb92cc80f4704e4fde3f54dc47b7377a294356935627e77e6
23/03/08,企業情報 トップメッセージ 会社概要 早わかり ニチレイってこんな会社 食品の安全・信頼 サステナビリティ サステナビリティ基本方針「ニチレイの約束」 ESG投資家向け情報 ニチレイグループのDX 新たな価値の創造 イニシアチブ IR・投資家情報 トップメッセージ 早わかり ニチレイってこんな会社 統合レポート イニシアチブ 食品の安全・信頼 品質基本方針 食品の安全Q＆A ニチレイフーズ 食の品質・安全への取り組み ニチレイフレッシュ品質 知る・楽しむ 食品ロス研究所 ニチレイCMギャラリ― 早わかりニチレイってこんな会社 ニチレイ75年史 氷の実験室（こおらす） 安全・安心な食の知識（こおらす） 氷と暮らしの物語（こおらす） おいしさへの取り組み（こおらす） 2023年3月8日  各位  株式会社ニチレイ    「健康経営銘柄2023」選定 7年連続で「健康経営優良法人（ホワイト500）」にも認定      株式会社ニチレイ（代表取締役社長：大櫛　顕也　本社：東京都中央区）は、2023年3月8日、経済産業省と東京証券取引所より、「健康経営銘柄2023」に選定されました。本選定は、2020年度、2021年度に続く3回目となります。あわせて、経済産業省より優良な健康経営を実践している法人として、「健康経営優良法人（ホワイト500）」にも制度創設以来7年連続で認定されました。    「健康経営銘柄」は、経済産業省と東京証券取引所が共同で、従業員の健康管理を経営的な視点で考え、戦略的に実践する「健康経営」を積極的に進めている企業を公表するものとして、2015年から開始されました。    当社グループは、従業員の健康を重要な経営課題として位置づけ、「ニチレイ健康推進センター」を設置し、健康保険組合と連携し、健康経営における各側面「経営理念・方針」「組織体制」「制度・施策実行」「評価・改善」の様々な取り組みを実施、「総合評価」で食料品業界トップレベルの評価を受けました。今後も健康経営を人財戦略の土台として、従業員の心身の健康を保ち、安全で風通しよく活性化された職場環境をつくってまいります。      ニチレイグループ健康宣言  「おいしい瞬間を届けたい」、その想いを大切に、  ニチレイグループで働く一人ひとりの健康づくりに取り組みます。      当社グループは、食と健康を支える企業として従業員一人ひとりの健康づくりに今後も取り組んでまいります。     【参考】  ・ニチレイグループの健康経営への取り組み」はこちら      本件に関するお問い合わせ先  株式会社ニチレイ  総務広報部　広報グループ  Email：N1000X036@nichirei.co.jp  プレスリリース検索 期間 表示順 事業会社で絞り込む プレスリリース 年別一覧表示,1fc0579e79fa327853b0a435fb377c45d9638bb739e849306310be4a9614e401
23/03/15,  ＜ 一覧に戻る,0c7a71fd34c1787604e977f7f42779415eb1197c68d428b35469be18d17301fd
23/04/01,BUSINESS GUIDE COMPANY PROFILE & OTHER 当社は、2023年4月1日を効力発生日として、下記の通り当社の連結子会社である株式会社ロジスティクス・ネットワークと株式会社ニチレイ・ロジスティクス関東の2社による合併（以下、本合併といいます）を行いましたのでお知らせいたします。 記 本合併により、株式会社ロジスティクス・ネットワークの全国輸配送機能と、株式会社ニチレイ・ロジスティクス関東の港湾物流機能を一体化し、お客様にサプライチェーンの川上から川下まで一貫した物流サービスをご提供いたします。各拠点の特性を活かした貨物再編と拠点間連携にこれまで以上に取り組み、首都圏における事業基盤をさらに強化することで、お客様の幅広いニーズにお応えしてまいります。 株式会社ロジスティクス・ネットワークを吸収合併存続会社、株式会社ニチレイ・ロジスティクス関東を吸収合併消滅会社とする吸収合併方式といたします。なお、本合併に伴う株式会社ロジスティクス・ネットワークの新株式の発行、資本金および準備金の増加はございません。 ＜吸収合併存続会社＞  ※株式会社ニチレイ・ロジスティクス関東の機能は首都圏事業本部へ移管いたします。 ※役員体制および拠点情報については以下をご参考ください。 関係会社の役員人事について | ニュース | ニチレイロジグループ (nichirei-logi.co.jp) https://www.nichirei-logi.co.jp/company/network/all-list.html 株式会社ロジスティクス・ネットワーク　事業管理部 TEL：03-6378-7179 株式会社ニチレイロジグループ本社　経営企画部 Email：N1040X003@nichirei.co.jp Copyright（C）NICHIREI LOGISTICS GROUP INC.,d80c2b13d6e44a6888c663a94f09c8514d90fbe4c8d74e45ee2260b8d486e081
23/04/03,企業情報 トップメッセージ 会社概要 早わかり ニチレイってこんな会社 食品の安全・信頼 サステナビリティ サステナビリティ基本方針「ニチレイの約束」 ESG投資家向け情報 ニチレイグループのDX 新たな価値の創造 イニシアチブ IR・投資家情報 トップメッセージ 早わかり ニチレイってこんな会社 統合レポート イニシアチブ 食品の安全・信頼 品質基本方針 食品の安全Q＆A ニチレイフーズ 食の品質・安全への取り組み ニチレイフレッシュ品質 知る・楽しむ 食品ロス研究所 ニチレイCMギャラリ― 早わかりニチレイってこんな会社 ニチレイ75年史 氷の実験室（こおらす） 安全・安心な食の知識（こおらす） 氷と暮らしの物語（こおらす） おいしさへの取り組み（こおらす） 2023年4月3日  各位  株式会社ニチレイ      「ニチレイグループ持続可能な水産物調達ガイドライン」および  「ニチレイグループ持続可能なパーム油調達ガイドライン」制定のお知らせ    株式会社ニチレイ（代表取締役社長：大櫛 顕也　本社：東京都中央区）は、2020年に特定したグループ重要事項（マテリアリティ）「持続可能な食の調達と循環型社会の実現」の取り組みとして、この度「ニチレイグループ持続可能な調達方針」に基づき、「ニチレイグループ持続可能な水産物調達ガイドライン」および「ニチレイグループ持続可能なパーム油調達ガイドライン」を制定いたしました。    近年、気候変動による食資源への影響やサプライチェーン上の人権や環境に関する課題など食を取り巻く社会課題が指摘されています。特に、当社グループの事業活動を支える重要な食資源である水産物とパーム油に関しては、持続可能な調達に取り組むことが喫緊の課題と認識しています。  当ガイドラインは、国際的なルールに則りかつ有識者のご意見を反映させ、持続可能な水産物とパーム油の調達活動に関する基本姿勢および取り組みを具体的に定めたものです。  また、当ガイドラインを確実に実行していくため、重要事項（マテリアリティ）「持続可能な食の調達と循環型社会の実現」の2030年度グループ目標にKPIを追加いたしました。    今後は、当社での取り組みはもとよりサプライヤー様やお取引先様とも当ガイドラインへの理解と価値観の共有を通じ、共に、持続可能な食の調達および持続可能なサプライチェーンの構築を目指してまいります。    新たに追加したニチレイグループマテリアリティと2030年度目標（KPI）     ニチレイグループ持続可能な水産物調達ガイドラインはこちら    ニチレイグループ持続可能なパーム油調達ガイドラインはこちら  ニチレイグループ 重要事項（マテリアリティ）はこちら      本件に関するお問い合わせ  株式会社ニチレイ  広報IR部　広報グループ  N1000X036@nichirei.co.jp  プレスリリース検索 期間 表示順 事業会社で絞り込む プレスリリース 年別一覧表示,7f76f65721b21b6d54015f4abc4b4f4563f25f9a24d6a6188a80681454af28a8
23/04/13,株式会社ニチレイフーズ（代表取締役社長：竹永 雅彦、以下「ニチレイフーズ」）は、アップサイクル商品の第二弾として、『「今川焼」から作った除菌ウエットティッシュ』を、株式会社ファーメンステーション（代表取締役：酒井里奈、以下「ファーメンステーション」）と協業し、開発いたしました。 『「今川焼」から作った除菌ウエットティッシュ』は、ニチレイフーズがオフィシャルスポンサーをつとめる「キッザニア福岡」内の「食品開発センター」にて、アクティビティに参加したお子様へ、4月15日（土）より配布する予定です。 詳細はこちらからご覧ください。 ニチレイグループ ニチレイフーズグループ 禁無断複写・禁無断転載Copyright © Nichirei Foods Inc. All rights reserved.,be6833ade500bef0c27e2bf810807924ad53baaa76622bd0e46b4b3f6bb8b570
23/04/18,報道関係者 各位 株式会社ニチレイフーズ  株式会社ニチレイフーズ（代表取締役社長：竹永雅彦、以下「ニチレイフーズ」）は、2023年5月1日に『豚しょうがの鉄板焼めし』を、家庭用冷凍食品として新発売いたします。  現在、「女性・高齢者の就業率の高まり」や「世帯の少人数化、単独世帯の増加」などの中長期的な社会構造変化から、家庭内での炊飯機会や手作り機会が減少し、簡便調理で喫食可能な家庭用冷凍米飯の需要が高まりを見せています。 また、一般に夏場は、家庭用冷凍米飯の需要が高まるため、ニチレイフーズでは、白米と食べ合わせが良く、食卓出現頻度の高い人気メニューである「豚の生姜焼き」に着目し、『豚しょうがの鉄板焼めし』を新発売いたします。 豚肉には、「生姜焼き」と相性の良い、赤身と脂身のバランスのとれた旨味が特長の三元豚肩ロースを使用しました。さらに、豚肉のおいしさを引き立てる、にんにくペーストや千切りしょうが、たまり醤油などを独自配合した自家製タレを絡め、独自の「三段階炒め製法」により、炒め感のある香ばしい焼めしに仕上げています。 ニチレイフーズでは、米飯のラインアップ拡充を通じて、伸長する家庭用冷凍米飯カテゴリーを引き続き活性化してまいります。 商品名 豚しょうがの鉄板焼めし 規格/入数 450g/12袋×2合 発売日 (予定日) 5月1日 【ご参考】 そのほか、5月1日に下記商品も発売いたします。 該当リリース　→　https://www.nichireifoods.co.jp/news/2023/info_id36884/ 商品名 冷やし中華（ごまだれ） 規格/入数 1人前(360g)/12袋 発売日 (予定日) 5月1日 電子レンジで調理するごまだれ味の冷やし中華です。氷を使用した独自技術で冷たく仕上がります。つるつると喉越しのよい麺と、蒸し鶏など5種類のこだわり具材が特長です。 簡便調理が可能なトレイ入り商品です。  商品名 極上ハンバーグ（和風おろしソース） 規格/入数 1個入(170g)/12袋×2合 発売日 (予定日) 5月1日 和風おろしソースのハンバーグです。ソースは大根と玉ねぎをすりおろし、ほんのり酸味を効かせて仕上げています。牛肉と豚肉を黄金比で合わせたジューシーなハンバーグと相性はぴったりです。 電子レンジとボイルの両方での調理が可能です。 【報道関係者からのお問い合わせ先】 株式会社ニチレイフーズ マーケティング部 広報グループ　［担当：大竹・笹嶺・宮嶋・原山］ 〒104-8402 東京都中央区築地六丁目19番20号 ニチレイ東銀座ビル E-mail：N1010X088@nichirei.co.jp 【お客様からのお問い合わせ先】 株式会社ニチレイフーズ　お客様相談センター/ TEL：0120-69-2101    【ご参考】 そのほか、5月1日に下記商品も発売いたします。 該当リリース　→　https://www.nichireifoods.co.jp/news/2023/info_id36884/   【報道関係者からのお問い合わせ先】 株式会社ニチレイフーズ マーケティング部 広報グループ　［担当：大竹・笹嶺・宮嶋・原山］ 〒104-8402 東京都中央区築地六丁目19番20号 ニチレイ東銀座ビル E-mail：N1010X088@nichirei.co.jp    【お客様からのお問い合わせ先】 株式会社ニチレイフーズ　お客様相談センター/ TEL：0120-69-2101  ニチレイグループ ニチレイフーズグループ 禁無断複写・禁無断転載Copyright © Nichirei Foods Inc. All rights reserved.,a3a9d6b3f59f6a9576db147653ff2b52fae5912f59b82139042cd966e5977da9
23/05/09,企業情報 トップメッセージ 会社概要 早わかり ニチレイってこんな会社 食品の安全・信頼 サステナビリティ サステナビリティ基本方針「ニチレイの約束」 ESG投資家向け情報 ニチレイグループのDX 新たな価値の創造 イニシアチブ IR・投資家情報 トップメッセージ 早わかり ニチレイってこんな会社 統合レポート イニシアチブ 食品の安全・信頼 品質基本方針 食品の安全Q＆A ニチレイフーズ 食の品質・安全への取り組み ニチレイフレッシュ品質 知る・楽しむ 食品ロス研究所 ニチレイCMギャラリ― 早わかりニチレイってこんな会社 ニチレイ75年史 氷の実験室（こおらす） 安全・安心な食の知識（こおらす） 氷と暮らしの物語（こおらす） おいしさへの取り組み（こおらす） IR・投資家情報 PDF 80 KB 各位 2023年5月9日 配当基準の変更に関するお知らせ 記   以　上  IR・投資家情報,ebdeef36062ce958fef143024b5285e7750b5ef53ec016efb988a14da27b7f9c
23/05/10,"企業情報 トップメッセージ 会社概要 早わかり ニチレイってこんな会社 食品の安全・信頼 サステナビリティ サステナビリティ基本方針「ニチレイの約束」 ESG投資家向け情報 ニチレイグループのDX 新たな価値の創造 イニシアチブ IR・投資家情報 トップメッセージ 早わかり ニチレイってこんな会社 統合レポート イニシアチブ 食品の安全・信頼 品質基本方針 食品の安全Q＆A ニチレイフーズ 食の品質・安全への取り組み ニチレイフレッシュ品質 知る・楽しむ 食品ロス研究所 ニチレイCMギャラリ― 早わかりニチレイってこんな会社 ニチレイ75年史 氷の実験室（こおらす） 安全・安心な食の知識（こおらす） 氷と暮らしの物語（こおらす） おいしさへの取り組み（こおらす）   2023年5月10日  報道関係者各位  株式会社ニチレイ   ニチレイレディス開催のお知らせ 株式会社ニチレイ（本社:東京都中央区／代表取締役社長: 大櫛顕也）は、JLPGAツアー『ニチレイレディス』を2023年6月16日（金）から18日（日）の日程で、袖ヶ浦カンツリークラブ・新袖コース（千葉市若葉区）にて開催いたします。  開催に先駆けまして5月10日（水）より袖ヶ浦カンツリークラブ・新袖コース／袖ヶ浦コース、チケットガイド各社、全国のコンビニエンスストアなどにて各種前売り券の販売を開始いたします。   「ニチレイレディス」は、都心から近距離で、自然を活かしてレイアウトされた戦略性の高いタフな林間コースとして知られる袖ヶ浦カンツリークラブ・新袖コースにて開催いたします。     2006年の第１回大会から横峯さくら（06,09年チャンピオン）、大山志保（07年）、全美貞（10年）、鈴木愛（18年、19年）と歴代の賞金女王に輝いた選手が優勝しています。また、2014年から2016年までは申ジエが大会史上初の3連覇を達成するなど、歴代チャンピオンには実力者揃いです。  昨年大会では、西村優菜がトーナメントレコードとなる通算17アンダーで優勝を飾りました。毎年熾烈な優勝争いが繰り広げられている本大会、今年はどのようなドラマが生まれるのでしょうか。女子プロたちの華やかなプレー、そして熱き戦いに注目です。 2022年大会優勝　西村優菜選手 2022年大会優勝　西村優菜選手 1984年から女子プロゴルフを応援しているニチレイは、ブランドスローガン「おいしい瞬間を届けたい」という想いのもと、ゴルフを通じて楽しさや感動をお届けできるよう様々なギャラリーイベントをご用意しております。また、環境負荷の低減につながる取り組みも実施し、サステナブルな大会運営を推進して参ります。      【大会情報更新日程（予定）】 大会では、実施概要・出場選手情報・ギャラリーイベント・テレビ放映・交通案内など最新情報を大会オフィシャルホームページにて更新していきます。  大会オフィシャルホームページはこちらから 更新予定　    5月30日（火）･･･出場選手､主催者推薦選手､各種情報など    本リリースに関するお問い合わせ（報道関係者用お問合せ先）   ニチレイレディス大会広報事務局  株式会社エムシーピーアール内　担当／成願（じょうがん） ＴＥＬ：03-6277-8760  E-mail：jogan@mcpr.co.jp    大会広報事務局では、報道用素材として、昨年優勝者の西村優菜、優勝カップ、ポスター画像、開催コースの袖ヶ浦カンツリークラブ・新袖コースの写真、大会ロゴマークをご用意しています。ご希望の方は、大会広報事務局までご連絡ください。   肖像権等の問題からお渡しするデータはニチレイレディスの報道素材にしか使用できませんので、予めご承知おきください。       【ニチレイレディス　大会実施概要】   大会名称 ：　ニチレイレディス    主　　催 ：　株式会社ニチレイ    公　　認 ：　一般社団法人日本女子プロゴルフ協会    後　　援 ：　公益財団法人日本ゴルフ協会、 一般社団法人日本ゴルフトーナメント振興協会、千葉市、 株式会社テレビ東京   協　　力 ：   東日本旅客鉄道株式会社 千葉支社、千葉商工会議所、  公益社団法人千葉市観光協会、株式会社袖ヶ浦カンツリー倶楽部    開催期日 ：　2023年6月13日（火）～　18日（日）  13日（火）主催者推薦選考会・指定練習日  14日（水）指定練習日・前夜祭  15日（木）プロアマトーナメント  16日（金）第１日（予選ラウンド）  17日（土）第２日（予選ラウンド）  18日（日）最終日（決勝ラウンド）    開催場所 ：　袖ヶ浦カンツリークラブ・新袖コース  〒265-0041　千葉県千葉市若葉区富田町1140番地 TEL：043-228-2221    競技方法 ：　54ホールストロークプレーで行われるものとする。 36ホールを終了し、上位50位タイまでの者が決勝ラウンドへ進出する。 最終ラウンド終了時に、第1順位の者が2名以上いた場合は、即日競技委員会が指定するホールにおいて、 ホールバイホールによるプレーオフを行い、優勝者1名を決定する。    競技規則 ：   R&AとUSGAが承認したゴルフ規則（2023年1月 施行）と JLPGAローカルルールおよび競技の条件、 本大会追加ローカルルールを適用する。   出場人数 ：　1）JLPGAツアー規定第15条による協会選考選手…90名  2）主催者推薦選手…18名 計108名    賞　　金 ：　賞金総額　1億円　（優勝賞金　1,800万円）    ﾃﾚﾋﾞ放映 ：　6月 17日（土）13：00～14：30　BSテレビ東京（生放送）（予定） 18日（日）16：00～17：15　テレビ東京系列6局ネット、BSテレビ東京 【入場券】　　便利でお得な前売り券を5月10日（水）より発売！  大会ではゴルフファン皆様のそれぞれの観戦スタイルにあったお得な前売り券を2種類＜前売りセット券（3枚綴り）と前売り1日券を販売します。各種前売り券は袖ヶ浦カンツリークラブ・新袖コース／袖ヶ浦コース、インターネット、各種チケットガイド、コンビニエンスストアなどで購入することができます。なお、ニチレイレディスでは高校生以下のお客様は入場無料としています（年齢の確認できる証明書をお持ちください）。   ※ギャラリー駐車場はございませんので、公共交通機関をご利用ください。      【入場券種】  ■前 売 券 ：   ・前売りセット券（実券、システム券）　　5,000円（税込）  （３枚綴り　※期間中、合計３名様分の利用ができます）    ・前売り１日券（実券・システム券）　　　2,000円（税込）  （期間中のいずれか１日１名様が利用できます）    ※前売り券販売期間 ： 5月10日（水）～6月15日（木）まで   ■当日 券 ：　 各日共通　　2,500円（税込）  （販売：6月16日～18日、現地ギャラリーゲートのみ）    【販売場所】  ・実券販売 ：袖ヶ浦カンツリークラブ・新袖コース／袖ヶ浦コース   ・システム券販売：チケットぴあ https://w.pia.jp/t/golftour/ (Pコード：855-673)    ローソンチケット https://l-tike.com/sports/golf/（ Lコード：34159）  ｅ+（イープラス） https://eplus.jp/golftour/  ＣＮプレイガイド https://www.cnplayguide.com/golftour/  楽天チケット https://ticket.rakuten.co.jp/sports/golf  ※セブン-イレブン、ファミリーマート、ローソンの店頭      入場券についてのお問い合わせ先  大会オフィシャルホームぺージはこちらから 読者・視聴者向けお問い合わせ先   前売り券販売　・ニチレイレディス大会事務局　                ＴＥＬ：03-6825-8530  ・袖ヶ浦カンツリークラブ･ 新袖コース      ＴＥＬ：043-228-2221          プレスリリース検索 期間 表示順 事業会社で絞り込む プレスリリース 年別一覧表示",af96e764481138887a1a20dd7f59aeff7c22a660d4234639074350b2c0974d56
23/05/10,報道関係者 各位 株式会社ニチレイフーズ(代表取締役社長:竹永雅彦、以下「ニチレイフーズ」)は、当社初となる「機能性表示食品」として、『もち麦ワンディッシュ』シリーズより5月10日に「キーマカレー」「こんがりチキンのトマトソース」の2品、6月6日に「チリコンカンライス」1品の計3品を、自社通販サイト「ニチレイフーズダイレクト」をはじめ、通販限定で新発売いたします。 リリース文ダウンロード(PDF:468KB) 【ニチレイフーズダイレクトとは】 2006年、冷凍食品業界に先駆けて開設したニチレイフーズの公式通販サイトです。現在、主力の冷凍おかずセット「気くばり御膳®」をはじめ、主食つきの多品目冷凍弁当「ウーディッシュ®」、ちょっとリッチなワンプレートおかず「アットホームバル®」など、常時100品以上を取り揃えています。 詳しくはこちら 【この件に関するお問合せ先】 株式会社ニチレイフーズ マーケティング部広報グループ　[担当：大竹・笹嶺・宮嶋・原山] 〒104-8402 東京都中央区築地六丁目19番20号 ニチレイ東銀座ビル E-mail：N1010X088@nichirei.co.jp ニチレイグループ ニチレイフーズグループ 禁無断複写・禁無断転載Copyright © Nichirei Foods Inc. All rights reserved.,50a7d10b6e5dbff97f829147c7ce7e67655dd4d25f56d103b5369a0044f77c04
23/05/15,"企業情報 トップメッセージ 会社概要 早わかり ニチレイってこんな会社 食品の安全・信頼 サステナビリティ サステナビリティ基本方針「ニチレイの約束」 ESG投資家向け情報 ニチレイグループのDX 新たな価値の創造 イニシアチブ IR・投資家情報 トップメッセージ 早わかり ニチレイってこんな会社 統合レポート イニシアチブ 食品の安全・信頼 品質基本方針 食品の安全Q＆A ニチレイフーズ 食の品質・安全への取り組み ニチレイフレッシュ品質 知る・楽しむ 食品ロス研究所 ニチレイCMギャラリ― 早わかりニチレイってこんな会社 ニチレイ75年史 氷の実験室（こおらす） 安全・安心な食の知識（こおらす） 氷と暮らしの物語（こおらす） おいしさへの取り組み（こおらす） 2023年5月15日 各位 株式会社ニチレイ   グループ主要拠点での電力由来CO2排出量ゼロへ向けた取り組み  株式会社ニチレイ（本社：東京都中央区、代表取締役社長：大櫛顕也）は、ニチレイグループ重要事項（マテリアリティ）の一つである「気候変動への取り組み」として、ニチレイグループの主要事業所が集積する船橋市日の出エリア（千葉県）における電力由来のCO2排出量ゼロに取り組みます。  2050年のカーボンニュートラルの実現に向けて、ニチレイグループでは、国内外の事業所においてCO2排出量削減の取り組みを進めております。2030年度のグループ目標（KPI）として2015年度比でCO2排出量（国内Scope1,2※1を対象）50％削減を掲げており、目標達成に向けて食品工場や物流センター等における再生可能エネルギーの活用が急務となっております。  ニチレイグループ最大の拠点である船橋市日の出エリアでは、発売以来22年連続売上NO１※２の「本格炒め炒飯®」をはじめとする米飯類を１日約200トン製造するニチレイフーズ船橋工場や国内最大級の保管設備能力約10万トンを誇るロジスティクス・ネットワーク船橋物流センターが隣接しており、電力使用量の合計はグループ全体の約1割を占めております。従来より拠点隣接のメリットを生かして生産と物流の一体化によるCO2排出抑制効果を実現しておりますが、このたび、さらなる環境負荷の低減を目指し、以下の取組を推進することといたしました。具体的な施策は次の通りです。  1. 太陽光パネルの設置 2023年6月の発電開始を目指し、船橋物流センターの屋上に太陽光パネルを設置いたします。 2. グリーン電力証書※３の活用 船橋工場では2020年3月よりグリーン電力証書を活用しており、「本格炒め炒飯®」の製造における電力はすべてグリーン電力で賄っています。 3. FIT非化石証書※４やオフサイトPPA※５なども活用  以上のような施策を組み合わせ、電力由来のCO2排出量ゼロに取り組んでまいります。  なおニチレイグループでは、今後も事業所屋上への太陽光パネル設置やEVトラックの導入等を通じて、グループ全体で環境負荷の低減に取り組み、持続可能な社会の実現を目指してまいります。 ※１　Scope1,2 Scope1：自社の事業活動により直接排出される温室効果ガス（直接排出） Scope2：他社から供給される電気、熱・蒸気などのエネルギー消費により間接的に排出される温室効果ガス（間接排出）  ※２　発売以来22年連続売上NO１ インテージSRI+冷凍調理炒飯市場2017年3月～2023年2月 各年累計販売金額／インテージSRI冷凍調理炒飯市場2001年3月～2017年2月 各年累計販売金額  ※３　グリーン電力証書 グリーン電力とは、太陽光・風力・水力・地熱・バイオマスなどによって作られた再生可能エネルギーのことを言い、CO2の排出がゼロの電力です。 グリーン電力証書とは、このグリーン電力が持つCO2の排出がゼロという環境価値を電気そのものの価値から切り離し証書化し、取引できる形にしたものです。通常の電気と組み合わせることで、グリーン電力を使用しているとみなすことができます。  ※４　FIT非化石証書　（FIT：Feed in Tariff 固定価格買取制度） 非化石証書とは、太陽光・風力・水力・地熱・バイオマスなどによって作られた再生可能エネルギーなど非化石電源の「環境価値」を取引するために証書にしたものです。このうちFIT電源で発電されている電気に対して発行されるものがFIT非化石証書です。  ※５　オフサイトPPA (PPA：Power Purchase Agreement 電力販売契約） オフサイトPPAとは、遠隔に設置した第三者所有の太陽光設備で発電し、送電ネットワークを通って自拠点に送電され、その電力を消費します。新規土地を確保すれば追加できるため、大規模な再生エネルギーの調達が可能となります。    ＜本件に関するお問い合わせ先＞ 株式会社ニチレイ　広報IR部　広報グループ Email: N1000X036@nichirei.co.jp プレスリリース検索 期間 表示順 事業会社で絞り込む プレスリリース 年別一覧表示",922661a424fca7f9fa5a7dc606bb3f0c3fbeb78c43258c4df9830dbfbcc45fc0
23/05/31,企業情報 トップメッセージ 会社概要 早わかり ニチレイってこんな会社 食品の安全・信頼 サステナビリティ サステナビリティ基本方針「ニチレイの約束」 ESG投資家向け情報 ニチレイグループのDX 新たな価値の創造 イニシアチブ IR・投資家情報 トップメッセージ 早わかり ニチレイってこんな会社 統合レポート イニシアチブ 食品の安全・信頼 品質基本方針 食品の安全Q＆A ニチレイフーズ 食の品質・安全への取り組み ニチレイフレッシュ品質 知る・楽しむ 食品ロス研究所 ニチレイCMギャラリ― 早わかりニチレイってこんな会社 ニチレイ75年史 氷の実験室（こおらす） 安全・安心な食の知識（こおらす） 氷と暮らしの物語（こおらす） おいしさへの取り組み（こおらす）  ＜報道関係各位＞ 2023年5月31日 株式会社ニチレイ ニチレイレディス 出場選手決定のお知らせ 食を通じて人々の健康な生活を応援する株式会社ニチレイ（本社：東京都中央区／代表取締役社長：大櫛 顕也）が主催するJLPGA ツアー『ニチレイレディス』は、6月16日（金）から18日（日）までの3日間、千葉県の袖ヶ浦カンツリークラブ・新袖コース（千葉市若葉区）にて開催いたします。 2006年よりスタートした本大会も今年で17回目を迎えます。いよいよ開幕まで2週間と迫り、出場選手も決定いたしました。前週、前々週に、JLPGAツアー史上初となる2週連続4日間競技優勝を達成するなど今季3勝を挙げ、メルセデスランキングトップを快走する山下美夢有をはじめ、今シーズンメジャー初戦を制した吉田優利、今季2勝の穴井詩、史上初の双子姉妹揃ってのツアー優勝を果たした岩井明愛、岩井千怜、今大会最多の4勝を誇る申ジエ、2018・19年覇者の鈴木愛のほか、今年のツアー優勝者である青木瀬令奈、吉本ひかる、山内日菜子、神谷そらなどメルセデス・ランキング上位者を含む、総勢108名の選手が出場いたします。 この他、6月13日（火）には、未来の女子プロゴルフ界を担う若手にもっと活躍の場を与えるため、主催者推薦選考会を実施し、ここから勝ちあがった勢いのあるフレッシュな選手が大会に新風を吹き込んでくれることを期待しております。 毎年熾烈な優勝争いが繰り広げられている本大会、今年はどのようなドラマが待っているのか、新たなニューヒロインが誕生するのか、華やかなプレーそして熱き戦いに注目です。 1984年から女子プロゴルフを応援しているニチレイは、ブランドスローガン「おいしい瞬間を届けたい」という想いのもと、ゴルフを通じて楽しさや感動をお届けできるよう様々なギャラリーイベントをご用意しております。また、環境負荷の低減につながる取り組みも実施し、サステナブルな大会運営を推進して参ります。 報道関係の皆さま方におかれましても、本大会にご期待頂きますとともに、是非取材頂き、一層のご支援、ご協力を賜りますようお願いいたします。 ＜本大会に関するお問い合わせ先＞ ■大会に関する総合的なお問い合わせ ニチレイレディス大会事務局　　TEL：03-6825-8530 URL:　https://www.nichirei.co.jp/golf 月曜～金曜：10:30～18:00 ■報道関係者からのお問い合わせ先 大会広報事務局（株式会社エムシーピーアール内） TEL.03-6277-8760 担当／弘重 E-mail：hiroshige@mcpr.co.jp 大会広報事務局では、報道用素材として、昨年優勝者の西村優菜、優勝カップ、ポスター画像、開催コースの袖ヶ浦カンツリークラブ・新袖コースの写真、大会ロゴマークをご用意しています。ご希望の方は、大会広報事務局までご連絡ください。 肖像権等の問題からお渡しするデータはニチレイレディスの報道素材にしか使用できませんので、予めご承知おきください。 出場予定選手（108名） 2023年5月31日現在 大会実施要項 前売券に関しましては、5月10日（水）より販売を開始しております。 詳細は大会公式サイト（https://www.nichirei.co.jp/golf）にてご確認ください。 なお、高校生以下は入場無料となります。（年齢の確認できる証明書をお持ちください）。 ※今年もギャラリー駐車場はございませんので、公共交通機関をご利用ください。 開催コースのご紹介 袖ヶ浦カンツリークラブ・新袖コース 本大会の舞台となる袖ヶ浦カンツリークラブ・新袖コースは、 1965年11月20日に開場した名門コースです。 フラットな地形に18ホールが展開し、 林でセパレートされた美しいホールが続きます。 ■大会コースヤーデージ（予定） ■トーナメント開催実績 ※2009年大会は最終ラウンドが中止の為、36ホールに短縮 ※2018年、2019年、2021年大会は、プレーオフ ■トーナメントコースレコード ■トーナメントレコード プレスリリース検索 期間 表示順 事業会社で絞り込む プレスリリース 年別一覧表示,3cb6b3507617ed1f6248ebf3898bac3c984d7500c4f34c8185599b27f0cf96c1
23/06/01,報道関係者 各位 株式会社ニチレイフーズ(代表取締役社長：竹永雅彦)は、2023年7月1日納品分より、業務用冷凍たまご商品の出荷価格を改定いたします。 採卵鶏の配合飼料の価格上昇に加え、高病原性鳥インフルエンザの拡大による飼養羽数減少に伴い鶏卵相場が高騰し、卵を原料とする商品群に影響が出ております。 このような厳しい環境の中、当社では全社挙げての効率化、合理化、原材料の見直し等できる限りのコスト削減に取り組み、商品の安定供給とともに品質・価格の維持に努めてまいりましたが、自助努力だけではコスト吸収の限度を超える状況となりました。 現在の商品品質を維持し、安定的にお届けするため、出荷価格の改定を下記の通り行います。 記 【対象商品】 業務用冷凍たまご商品 【価格改定率】 約8 ～ 約27％アップ ※一部改定率の範囲を超える商品がございます。 また使用原材料等の商品設計などにより改定幅は異なります。 【価格改定時期】 2023年7月1日（土）納品分より 【この件に関するお問合せ先】 株式会社ニチレイフーズ マーケティング部 広報グループ　［担当：大竹・笹嶺・宮嶋・原山］ 〒104-8402 東京都中央区築地六丁目19番20号 ニチレイ東銀座ビル E-mail：N1010X088@nichirei.co.jp ニチレイグループ ニチレイフーズグループ 禁無断複写・禁無断転載Copyright © Nichirei Foods Inc. All rights reserved.,a94c0007131e692e5ca4073759c295cf8d08168b2ba03d8c895cad3328468e44
23/06/02,"報道関係者 各位 株式会社ニチレイフーズ（代表取締役社長:竹永雅彦、以下「ニチレイフーズ」）は、ニチレイフーズ広報が監修した書籍「ニチレイフーズの広報さんに教わる　食材の冷凍、これが正解です！」を、６月２日に株式会社ＫＡＤＯＫＡＷＡ（代表取締役社長：夏野剛、本社：東京都千代田区）より発売いたします。  ニチレイフーズでは、2016年より『“冷凍”を賢く使って豊かな食卓に。』をテーマに、食メディア「ほほえみごはん（https://www.nichireifoods.co.jp/media/）」を運営しています。このたび、「ほほえみごはん」で発信してきた「食材の冷凍」に関する情報を書籍としてまとめ、発売する運びになりました。書籍化にあたっては、「ほほえみごはん」監修の料理家による冷凍保存のアドバイスやレシピ、料理がもっと楽しくなるヒントも豊富に掲載しました。 【目からウロコの便利すぎる冷凍テク！が満載です】 ・実はレタスはホイルに包んで冷凍できる！ ・トマトはザク切り冷凍が使いやすい ・なすはレンチンして丸ごと冷凍できる ・焼き魚は温かいうちにラップするといい ・ジャムは小分け冷凍してそのままトーストにのせると便利  ▲「ニチレイフーズの広報さんに教わる　食材の冷凍、これが正解です！」紙面の一例 左：キャベツの冷凍保存　／　右：冷凍肉まんのベストな解凍方法  【目次】 1章 野菜・果物の冷凍保存 2章 肉の冷凍保存 3章 魚の冷凍保存 4章 乳製品・卵・大豆製品・練り物の冷凍保存 5章 主食類の冷凍保存 6章 惣菜・デザートの冷凍保存 野菜・肉・魚など身近な食材以外にも、ごはんやパン、シチューや肉じゃがなど定番料理の作り置きの冷凍保存方法を150以上掲載しています。冷凍のコツに加えて、料理家さんによる解凍した食材のおすすめの食べ方やレシピ、食材豆知識、冷凍庫収納テクニックなども幅広く紹介。 毎日の料理がより楽しくなるヒントがたくさん詰まっています。 【書籍概要】 書名：ニチレイフーズの広報さんに教わる　食材の冷凍、これが正解です！ 監修：株式会社ニチレイフーズ 発行：株式会社KADOKAWA 定価 1,650円（本体1,500円＋税） 発売日 2023年6月2日 判型：Ｂ５変形判 ページ数：160 ISBN： 9784046825742 https://www.kadokawa.co.jp/product/322303000427/ 【広報コメント】 自分のために、家族のために、毎日の食事作りを大切にしたい。  献立を考えて、買い物に行って、料理をして、後片付けをする。 残った食材があれば、無駄にならないようにまた献立を考える。 できれば、家族みんなが健康に過ごせるように、栄養バランスにも気をつけたいし、旬の味も楽しめるように、季節の野菜を取り入れたい…。 当たり前のように繰り返される日々の食事作りは、忙しい毎日の中でとても大変なものですね。 でも何より、大切な人と食卓を囲む時間は、しあわせな時間であってほしい。 だからこそ、限られた時間のなかで、料理をもっと賢く、美味しく、簡単に。 ご家庭の中でできる「冷凍」テクニックや、時には「冷凍食品」を上手に活用することが、忙しい毎日を、そっと支えてくれるものだと思うのです。 みなさんの食卓を笑顔にする、そんなお手伝いができればうれしいです。 ■「ほほえみごはん」プロフィール ニチレイフーズが運営する食のライフハックメディア。 『“冷凍”を賢く使って豊かな食卓に。』をテーマに、生活者の役に立ち楽しめる情報を発信している。 URL：https://www.nichireifoods.co.jp/media/ 年間約9000万PV（2022年度実績）、満足度96％（自社調べ） ※「ほほえみごはん」は株式会社ニチレイフーズの登録商標です。 【この件に関するお問合せ先】 株式会社ニチレイフーズ マーケティング部  広報グループ　[担当：大竹・笹嶺・宮嶋・原山] 〒104-8402 東京都中央区築地六丁目19番20号 ニチレイ東銀座ビル E-mail：N1010X088@nichirei.co.jp ニチレイグループ ニチレイフーズグループ 禁無断複写・禁無断転載Copyright © Nichirei Foods Inc. All rights reserved.",30a0f049bc489f8d9e535a2a8852b9bb5104a3a2c45961cbb0a7c8d29c5fe828
23/06/20,"企業情報 トップメッセージ 会社概要 早わかり ニチレイってこんな会社 食品の安全・信頼 サステナビリティ サステナビリティ基本方針「ニチレイの約束」 ESG投資家向け情報 ニチレイグループのDX 新たな価値の創造 イニシアチブ IR・投資家情報 トップメッセージ 早わかり ニチレイってこんな会社 統合レポート イニシアチブ 食品の安全・信頼 品質基本方針 食品の安全Q＆A ニチレイフーズ 食の品質・安全への取り組み ニチレイフレッシュ品質 知る・楽しむ 食品ロス研究所 ニチレイCMギャラリ― 早わかりニチレイってこんな会社 ニチレイ75年史 氷の実験室（こおらす） 安全・安心な食の知識（こおらす） 氷と暮らしの物語（こおらす） おいしさへの取り組み（こおらす） IR・投資家情報 PDF 197KB 各位 2023年6月20日 当社は、本日開催の取締役会において、当社グループの低温物流事業を担う株式会社ニチレイロジグループ本社（以下、ニチレイロジグループという）が、関連会社であるSCG Nichirei Logistics Co.,Ltd （以下、SCGNという）が2023年6月8日付で実施した第三者割当増資の一部を引き受け、子会社化したことを決議（事後承認）しましたのでお知らせいたします。 なお、SCGNは、資本金が当社の資本金の100分の10以上となるため、特定子会社に該当いたします。 ※株式会社ニチレイロジグループ本社 （本社：東京都千代田区神田三崎町 代表取締役社長：梅澤一彦　資本金：200億円） ニチレイロジグループは、ASEAN進出の第一歩として、タイにおいて2013年6月に合弁会社であるSCGNを設立し、2021年2月には設備能力を増強するなど、進出からこれまでの10年間、同国での事業拡大に注力してまいりました。今回の子会社化を機に、意思決定の迅速化や経営基盤のさらなる強化を図ることで、国内で培った高度な低温物流のさらなる展開を目指してまいります。 （参考）為替レート（１バーツ＝4.03円、2023年6月8日時点） 本件による連結業績に与える影響は軽微であります。 ・タイにおける低温物流事業会社への出資に関するお知らせ https://www.nichirei.co.jp/news/2013/250.html ・SCG Nichirei Logistics Co., Ltd. 物流センター二期棟増設のお知らせ https://www.nichirei-logi.co.jp/news/2020/20210201.html IR・投資家情報",72b412c1cf6535bcbbfd4aaadcb6f436cf624bb8cc49dd7f5149c90296db9634
23/06/27,"企業情報 トップメッセージ 会社概要 早わかり ニチレイってこんな会社 食品の安全・信頼 サステナビリティ サステナビリティ基本方針「ニチレイの約束」 ESG投資家向け情報 ニチレイグループのDX 新たな価値の創造 イニシアチブ IR・投資家情報 トップメッセージ 早わかり ニチレイってこんな会社 統合レポート イニシアチブ 食品の安全・信頼 品質基本方針 食品の安全Q＆A ニチレイフーズ 食の品質・安全への取り組み ニチレイフレッシュ品質 知る・楽しむ 食品ロス研究所 ニチレイCMギャラリ― 早わかりニチレイってこんな会社 ニチレイ75年史 氷の実験室（こおらす） 安全・安心な食の知識（こおらす） 氷と暮らしの物語（こおらす） おいしさへの取り組み（こおらす） IR・投資家情報 PDF 162 KB 各位 2023年6月27日 譲渡制限付株式報酬としての新株式の発行に関するお知らせ 当社は、本日開催の取締役会において、下記のとおり、新株式の発行（以下「本新株式発行」といいます。）を行うことについて決議いたしましたので、お知らせいたします。  記  １．発行の概要 （１） 払込期日 2023年７月26日 （２） 発行する株式の種類 及び数 当社普通株式　33,053株 （３） 発行価額 １株につき 3,126 円 （４） 発行総額 103,323,678 円 （５） 株式の割当ての対象者及びその人数並びに割り当てる株式の数 当社の取締役（社外取締役を除く）　６名　23,439株 当社の執行役員　          　　　　        ４名     9,614株 （６） その他 本新株式発行については、金融商品取引法による有価証券届出書の効力発生を条件とします。   ２．発行の目的及び理由 当社は、2019年５月14日開催の取締役会において、当社の社外取締役を除く取締役（以下「対象取締役」といいます。）及び当社執行役員（以下、対象取締役及び当社執行役員を「対象取締役等」と総称します。）に対する中長期的なインセンティブの付与及び株主価値の共有を目的とした新たな報酬制度として、対象取締役等を支給対象とする譲渡制限付株式報酬制度（以下「本制度」といいます。）を導入することを決議し、また、2019年６月25日開催の第101期定時株主総会において、本制度に基づき、譲渡制限付株式取得の出資財産とするための金銭報酬（以下「譲渡制限付株式報酬」といいます。）として、対象取締役に対して、年額１億円以内の金銭報酬債権を支給すること及び譲渡制限付株式の譲渡制限期間として30年間とすることにつき、ご承認をいただいております。 なお、本制度の概要等につきましては、以下のとおりです。  【本制度の概要等】 対象取締役等は、本制度に基づき当社から支給された金銭報酬債権の全部を現物出資財産として払込み、当社の普通株式について発行を受けることとなります。本制度に基づき当社が支給する金銭報酬債権の総額は年額１億４千万円以内、このうち対象取締役に対しては年額１億円以内とします。また、本制度により当社が対象取締役等に対して発行する普通株式の総数は、年100,000株以内、このうち対象取締役に対しては年70,000株以内とし、その１株当たりの払込金額は、各取締役会決議の日の前営業日における東京証券取引所における当社の普通株式の終値（同日に取引が成立していない場合は、それに先立つ直近取引日の終値）を基礎として当該普通株式を引き受ける対象取締役等に特に有利な金額とならない範囲において、取締役会が決定します。 また、本制度による当社の普通株式の発行に当たっては、当社と対象取締役等との間で譲渡制限付株式割当契約を締結するものとし、その内容としては、①対象取締役等は、一定期間、譲渡制限付株式割当契約により割当てを受けた当社の普通株式について、譲渡、担保権の設定その他の処分をしてはならないこと、②一定の事由が生じた場合には当社が当該普通株式を無償で取得すること等が含まれることといたします。  今回は、本制度の目的、当社の業況、各対象取締役等の職責の範囲及び諸般の事情を勘案し、各対象取締役等の更なるモチベーションの向上を目的といたしまして、金銭報酬債権合計103,323,678 円（以下「本金銭報酬債権」といいます。）を支給し、その払込みにより普通株式 33,053 株を発行することといたしました。また、本制度の導入目的である株主価値の共有を中長期にわたって実現するため、譲渡制限期間を 30 年としております。 本新株式発行においては、本制度に基づき、割当予定先である対象取締役等10名が当社に対する本金銭報酬債権の全部を現物出資財産として払込み、当社の普通株式（以下「本割当株式」といいます。）について発行を受けることとなります。本新株式発行において、当社と対象取締役等との間で締結される譲渡制限付株式割当契約（以下「本割当契約」といいます。）の概要は、下記３．のとおりです。  ３．本割当契約の概要 (1)譲渡制限期間 2023年７月26日～2053年７月26日 (2)譲渡制限の解除条件 対象取締役等が譲渡制限期間中、継続して、当社の取締役又は執行役員のいずれかの地位にあることを条件として、本割当株式の全部について、譲渡制限期間の満了時点で譲渡制限を解除する。 (3)譲渡制限期間中に、対象取締役等が任期満了又は定年その他の正当な事由により退任又は退職した場合の取扱い ①譲渡制限の解除時期 対象取締役等が、当社の取締役又は執行役員のいずれの地位からも任期満了又は定年その他の正当な事由（ただし、死亡による退任又は退職の場合を除く）により退任又は退職した場合には、対象取締役等の退任又は退職の直後の時点をもって、譲渡制限を解除する。死亡による退任又は退職の場合は、対象取締役等の死亡後、取締役会が別途決定した時点をもって、譲渡制限を解除する。 ②譲渡制限の解除対象となる株式数 ①で定める当該退任又は退職した時点において保有する本割当株式の数に、対象取締役等の当社の第 105 期定時株主総会の開催日を含む月から対象取締役等の退任又は退職日を含む月までの月数を12で除した数（その数が１を超える場合は、１とする。）を乗じた数の株数（ただし、計算の結果、１株未満の端数が生ずる場合は、これを切り捨てる。）とする。 (4)当社による無償取得 当社は、譲渡制限期間満了時点又は上記(3)で定める譲渡制限解除時点において、譲渡制限が解除されない本割当株式について、当社は当然に無償で取得する。 (5)組織再編等における取扱い 譲渡制限期間中に、当社が消滅会社となる合併契約、当社が完全子会社となる株式交換契約又は株式移転計画その他の組織再編等に関する事項が当社の株主総会（ただし、当該組織再編等に関して当社の株主総会による承認を要しない場合においては、当社の取締役会）で承認された場合には、取締役会の決議により、当該時点において保有する本割当株式の数に、当社の第 105 期定時株主総会の開催日を含む月から当該組織再編等承認日を含む月までの月数を12で除した数（その数が１を超える場合は、１とする。）を乗じた数（ただし、計算の結果、１株未満の端数が生ずる場合は、これを切り捨てる。）の株式について、組織再編等効力発生日の前営業日の直前時をもって、これに係る本譲渡制限を解除する。また、本譲渡制限が解除された直後の時点において、譲渡制限が解除されていない本割当株式の全部を、当社は当然に無償で取得する。 (6)株式の管理 本割当株式は、譲渡制限期間中の譲渡、担保権の設定その他の処分をすることができないよう、譲渡制限期間中は、対象取締役等が野村證券株式会社に開設した専用口座で管理される。当社は、本割当株式に係る譲渡制限等の実効性を確保するために、各対象取締役等が保有する本割当株式の口座の管理に関連して野村證券株式会社との間において契約を締結している。また、対象取締役等は、当該口座の管理の内容につき同意するものとする。  ４．払込金額の算定根拠及びその具体的内容 割当予定先に対する本新株式発行は、本制度に基づく当社の第106期事業年度の譲渡制限付株式報酬として支給された金銭債権を出資財産として行われるものです。発行価額につきましては、恣意性を排除した価額とするため、2023年６月26日（取締役会決議日の前営業日）の東京証券取引所プライム市場における当社の普通株式の終値である 3,126 円としております。これは、取締役会決議日直前の市場株価であり、合理的で、かつ特に有利な金額には該当しないものと考えております。 以　上  IR・投資家情報",500640a1f7bffc8757bec77948d7937a31292770c47730990a59d0355a5bc02c
23/06/27,"BUSINESS GUIDE COMPANY PROFILE & OTHER ニチレイロジグループは、地球環境に配慮したCO2排出量削減活動の一環として、仙台物流センターへの太陽光パネル設置を行いました。 これまで稼働した拠点と合わせた総発電電力量は年間約350万kWhを見込み、CO2は年間約1,660tの排出削減に繋がります。また、発電した電力は自家消費をしており、自然エネルギーの自給率を高めています。今後も持続可能な社会の実現に向け、さらなる環境負荷の逓減に取り組んでまいります。 仙台物流センター Copyright（C）NICHIREI LOGISTICS GROUP INC.",6c8ebd7448a7bd31933ef495e685f8278518047d79904d9d724370cc09f16390
23/07/06,BUSINESS GUIDE COMPANY PROFILE & OTHER 2023年6月27日、ニチレイロジグループは、一般社団法人日本物流団体連合会が主催する第24回物流環境大賞で「日本物流記者会賞」と「特別賞」を受賞しました。 一般社団法人日本物流団体連合会により2000年に創設された、物流部門における優れた環境保全活動や環境啓蒙活動、先進的な技術開発などにより、環境負荷低減の面から物流業の発展に貢献した団体・企業または個人を表彰する制度です。 ■焼酎製造副産物のリサイクル活動における共同スキームの構築を通じたカーボンニュートラルへの貢献 株式会社ニチレイ・ロジスティクス九州の鹿児島曽於物流センターが霧島酒造株式会社より受託している焼酎原料の流通加工業務において、発生する焼酎製造副産物（芋くず）を行政の認可のもと越境させ、霧島酒造株式会社が保有するリサイクルプラントでバイオガスを生成。生成されたバイオガスは、焼酎製造工程のボイラー燃料となるほか、電力へと変換（サツマイモ発電）し、工場や地域の電力への活用を実現しました。 ■CO2排出量削減による環境負荷逓減を目的としたEVトラックの導入 EVトラックを関東の物流センターに 3 台導入。首都圏における配送に活用することで、日本では実例の少ない低温EVトラックの運行に関する知見の積み上げを図るとともに、CO2 排出量の削減を実現しました。   Copyright（C）NICHIREI LOGISTICS GROUP INC.,5c56349c3f47883aa71e9991a76a4aa21a6fb3fd79f223e6b2c7ea5c82160c4f
23/07/10," 報道関係者 各位 株式会社ニチレイフーズ（代表取締役社長：竹永雅彦）の子会社で、ブラジルにてアセロラ事業を手掛けるNichirei do Brasil Agricola Ltda（本社：ブラジル、以下「ニアグロ」）は、2023年のエコバディス社（本社：フランス）によるサステナビリティ調査において、評価対象企業全体の上位1%水準相当である「プラチナ」評価を初めて獲得いたしました。 エコバディス社は、世界175カ国、200業種、100,000以上の団体・企業を評価する、サステナビリティ・サプライチェーン評価の世界的権威機関です（2023年6月現在）。同社のサステナビリティ調査は、「環境」「労働と人権」「倫理」「持続可能な資材調達」の観点から、企業のサステナビリティへの取り組みを包括的に評価します。 ニアグロは、上記４つの観点についての各種取り組みを継続することで、2016年から5年連続して「シルバー」評価を獲得、2021年・2022年は2年連続「ゴールド」評価を獲得いたしました。 2023年は、「労働と人権」に対する継続的な取り組みがとくに評価され、最高位の「プラチナ」評価を初めて獲得いたしました。  ニチレイフーズグループはこれからも、あらゆる事業活動を通じて、持続可能な社会の実現に貢献してまいります。 【ニアグロの取り組み事例】     【 この件に関するお問合せ先 】 株式会社ニチレイフーズ　マーケティング部 広報グループ［担当：大竹・笹嶺・宮嶋・原山］ 〒104‐8402 東京都中央区築地六丁目19番20号 ニチレイ東銀座ビル E-mail：N1010X088@nichirei.co.jp  ニチレイグループ ニチレイフーズグループ 禁無断複写・禁無断転載Copyright © Nichirei Foods Inc. All rights reserved.",c0d2b12cd58e732357f3af30e22d6d16e566e4663fe41702350068074194ed62
23/07/12, 報道関係者 各位 株式会社ニチレイフーズ(代表取締役社長・竹永 雅彦)は、2023年秋季新商品・リニューアル商品を、家庭用・業務用商品合計で58品発売いたします。 各商品の詳細につきましては、別添いたしました一覧資料をご参照ください。 ※家庭用全品のパッケージ画像および、業務用冷凍食品新商品の代表的な調理例画像をご用意しておりますので、 お手数ですが当社ホームページよりダウンロードをお願いします。 リリース文ダウンロード(PDF:323KB) 【家庭用】 ◆マーケット概要 2022年度の家庭用冷凍食品市場は、前年比103%(※)と伸長いたしました。コロナ禍に新たに利用を開始したユーザーが一定数定着したことで、市場規模は、2015年以降8年連続で過去最高を更新しています。昼間の人流が戻るなど経済活動が再開される一方で、物価上昇の影響がみられた一年ではありましたが、冷凍食品は多様化したライフスタイルに適合することで着実な市場成長を継続しております。 2023年秋もニチレイフーズは、生活者のニーズやトレンドをとらえ、「こだわりの美味しさ」「パーソナルユース」「健康感」をコンセプトに、新たな価値を提供することで、冷凍食品市場のさらなる拡大に尽力してまいります。 ※）インテージSCI冷凍調理品+冷凍農産品「店頭売り_100人当たり購入金額」より ◆2023年度秋季 商品概要 【主食】 ・新製法の香ばしく焼き上げた麺と、大きな具材が特長のイチオシ商品：新商品 『香ばし麺の五目あんかけ焼そば』 ・国産素材に拘った大きな高菜漬けがアクセントのキューレイ新工場第1弾商品：新商品 『国産素材の高菜炒飯』(西日本限定商品) ・炒めラインで焦がしたバターが香る、きのことバターの相性を活かしたピラフ：新商品 『焦がしバター醤油のきのこバターピラフ』 ・「鶏五目おこわ」「赤飯おこわ」「栗おこわ」3種が楽しめるアソートのおこわ：新商品 『もちもちおこわ　美味三味』  【ワンプレート】 ・自家製生パスタとこだわりのおかずがセットになった便利なプレートメニュー：新商品 『三ツ星プレート　デミグラスハンバーグ&ナポリタン』 『三ツ星プレート　チキンステーキ&クリームパスタ』『三ツ星プレート　チキン南蛮&ボロネーゼ』  【おかず】 ・高まる家飲み需要に、手作りの難しい人気メニューを追加ラインアップ：新商品『やみつきねぎ塩焼き鳥』 ・ヘルシー感のある手作りの難しいおつまみ：新商品 『アスパラチーズささみ焼き』  【スナック】 ・「生チョコ」のトレンドを中具に取り入れた洋風今川焼：新商品 『今川焼(とろける生チョコ仕立て)』  【冷凍野菜】 ・新提案！ たん白質と野菜が手軽に摂れる健康的な組み合わせ：新商品 『ささみブロッコリー』 【業務用】 ◆マーケット概要 外食給食産業および量販店惣菜を中心とした業務用冷凍食品マーケットは、新型コロナウイルス感染症拡大により様々な影響を受けてまいりました。今年5月に行動制限が撤廃され人流が拡大したこと、また出社率の増加に伴いランチ需要も高まる傾向にあり、外食業態は2019年に近い水準まで回復してまいりました。惣菜業態においても、行楽・イベント需要の復活と、食の外部化需要を取り込みマーケットは好調に推移しています。しかしながら、いずれの業態においても人手不足が慢性化し、店舗オペレーションの負担増への対応が求められております。 一方で、生活者の食の多様化は進行し、美味しさへの欲求や、健康・環境への意識が年々高まりをみせております。ニチレイフーズは「美味しさの追求」にこだわり、各業態課題や生活者ニーズに対応した商品を開発することで、業務用マーケットを一層活性化してまいります。 ◆新商品の開発コンセプトと概要 ①【美味しさの追求】 ・米飯：鉄鍋を使い直火で炒め、自家製焼豚をたっぷり入れた『焼豚ごろっとチャーハン』を発売いたします。 ・ハンバーグ：手作り品質を目指し、肉汁・肉感・ほぐれ感を徹底追求した『本格肉肉ハンバーグ110』を発売いたします。 ・チキン：肉厚の食感・衣・スパイス感にこだわり、生活者が美味しいと感じる品質を目指した『肉厚ジューシーフライドチキン80』 を発売いたします。 ②【健康感のご提案】 ・複数の野菜と肉や魚、タレをキット化して簡便オペレーションを実現する「Vegedelica®」シリーズのラインアップを拡充いたします。 ③【パーソナルユース需要への対応】 ・ご家庭でも気軽に専門店の味が楽しめる「Chef’s spécialité®」より、「パーソナルユース商品」のパスタシリーズを、惣菜業態向けに発売いたします。 ・外食業態向けの「パーソナルユース」商品として、『トレーで簡単cook!カレーうどん』『トレーで簡単cook!汁なし坦々麺』の2品を発売いたします。 ④【サステナブルへの対応】 ・このたび、農林水産省が一般社団法人Jミルクとともに立ち上げた「牛乳でスマイルプロジェクト」に参画いたしました。 ・酪農家の応援・乳製品の消費拡大の一助となるべく、国内乳製品を使用した商品4品を発売いたします。 ⑤【人手不足への対応】 ・あらかじめ衣がついており、そのまま揚げるだけの簡単オペレーションで人気の「衣付き」シリーズのラインアップを拡充いたします。 ※画像をクリックすると拡大表示されます。 この件に関するお問合せ先 【報道関係者からのお問い合わせ先】 株式会社ニチレイフーズ マーケティング部 広報グループ［担当：大竹・笹嶺・宮嶋・原山］ 〒104-8402 東京都中央区築地六丁目19番20号 ニチレイ東銀座ビル E-mail：N1010X088@nichirei.co.jp 【お客様からのお問い合わせ先】 株式会社ニチレイフーズ　お客様相談センター / TEL：0120-69-2101 ※調理方法の「スチコン」は「スチームコンベクションオーブン」の省略表記です。 ニチレイグループ ニチレイフーズグループ 禁無断複写・禁無断転載Copyright © Nichirei Foods Inc. All rights reserved.,92d32eef591853b71548fd9627045ebb89ba793c2190163ccd9e634210f1e888
23/07/13,  ＜ 一覧に戻る,46af5e78b185fc8d00b59e060566b5c8ed5876cb05dff4ba24197c0ed8ff31d9
23/07/25,BUSINESS GUIDE COMPANY PROFILE & OTHER ニチレイロジグループは、7月21日、ベトナム合弁会社Nichirei TBA Logistics Vietnam LLC（以下、NTBA）への追加出資を実施し、連結子会社化が完了しましたので、お知らせいたします。 これに先立ち、7月19日には、NTBA冷蔵倉庫建設予定地にて起工式を執り行いました。当日は、合弁先であるTan Bao An Logistics Joint Stock Company (TBA)やロンアン省、ロンハウ工業団地の関係者が列席し、工事の安全を祈願しました。なお、新センターの稼働は2024年下期を予定しております。   https://www.nichirei.co.jp/news/2023/431.html 株式会社ニチレイロジグループ本社　経営企画部 Email：N1040X003@nichirei.co.jp Copyright（C）NICHIREI LOGISTICS GROUP INC.,ee8fc71ab2b7a4cf71052f81e4a4dbcbaf8c57a940d27a38f383b252e923f942
23/07/25,  ＜ 一覧に戻る,a0ee08bc399db0075da2a55dd8a8e8003c5a9ee700dc902733e8f683b8f63272
23/07/26,"BUSINESS GUIDE COMPANY PROFILE & OTHER ニチレイロジグループは、地球環境に配慮したCO2排出量削減活動の一環として、名古屋みなと物流センターで以下の取り組みを行っております。 2023年7月 屋上に太陽光パネルを設置いたしました。これまで稼働した拠点と合わせた総発電電力量は年間約460万kWhを見込み、CO2は年間約2,220トンの排出削減につながります。 2023年7月 「冷蔵・冷凍EVトラック」2台の運行を開始いたしました。株式会社ニチレイ・ロジスティクス東海が冷凍食品の共同配送に活用することでCO2排出量の削減を図ります。 2022年度末にFIT非化石証書を購入し、電力由来CO2排出ゼロを達成いたしました。  名古屋みなと物流センター  冷蔵・冷凍EVトラック Copyright（C）NICHIREI LOGISTICS GROUP INC.",7c59865b5a8e0da51fe81849abd98638bee8744986d4fbc67d4aaea28a280fac
23/07/26,"企業情報 トップメッセージ 会社概要 早わかり ニチレイってこんな会社 食品の安全・信頼 サステナビリティ サステナビリティ基本方針「ニチレイの約束」 ESG投資家向け情報 ニチレイグループのDX 新たな価値の創造 イニシアチブ IR・投資家情報 トップメッセージ 早わかり ニチレイってこんな会社 統合レポート イニシアチブ 食品の安全・信頼 品質基本方針 食品の安全Q＆A ニチレイフーズ 食の品質・安全への取り組み ニチレイフレッシュ品質 知る・楽しむ 食品ロス研究所 ニチレイCMギャラリ― 早わかりニチレイってこんな会社 ニチレイ75年史 氷の実験室（こおらす） 安全・安心な食の知識（こおらす） 氷と暮らしの物語（こおらす） おいしさへの取り組み（こおらす） IR・投資家情報 PDF 96 KB 各位 2023年7月26日 譲渡制限付株式報酬としての新株式の発行の払込完了に関するお知らせ 当社は、2023年６月27日開催の取締役会において決議されました、譲渡制限付株式報酬としての新株式の発行に関し、本日払込手続きが完了いたしましたので、下記のとおりお知らせいたします。本件の詳細につきましては、2023年６月27日付「譲渡制限付株式報酬としての新株式の発行に関するお知らせ」をご参照ください。  記  新株式の発行の概要 （１） 発行する株式の種類及び数 当社普通株式　33,053株 （２） 発行価額 １株につき3,126円 （３） 発行総額 103,323,678円 （４） 株式の割当ての対象者及びその人数並びに割り当てる株式の数 当社の取締役（社外取締役を除く）　６名　23,439株 当社の執行役員　 　　　　　　　      ４名     9,614株 （５） 払込期日 2023年７月26日   以   上 IR・投資家情報",03de6232d9e8dbd05b2d9f1c0fa24184efd47a2d6b17d8313e3d4fa34c7d2c82
23/08/03,企業情報 トップメッセージ 会社概要 早わかり ニチレイってこんな会社 食品の安全・信頼 サステナビリティ サステナビリティ基本方針「ニチレイの約束」 ESG投資家向け情報 ニチレイグループのDX 新たな価値の創造 イニシアチブ IR・投資家情報 トップメッセージ 早わかり ニチレイってこんな会社 統合レポート イニシアチブ 食品の安全・信頼 品質基本方針 食品の安全Q＆A ニチレイフーズ 食の品質・安全への取り組み ニチレイフレッシュ品質 知る・楽しむ 食品ロス研究所 ニチレイCMギャラリ― 早わかりニチレイってこんな会社 ニチレイ75年史 氷の実験室（こおらす） 安全・安心な食の知識（こおらす） 氷と暮らしの物語（こおらす） おいしさへの取り組み（こおらす） 2023年8月3日 各位 株式会社ニチレイフーズ  ニチレイフーズ　人事異動について  株式会社ニチレイフーズ（代表取締役社長：竹永雅彦）の人事異動について、以下の通りお知らせいたします。  記 ＜人事異動＞ （2023年8月16日付） 氏名 新職 継続職 旧職 富澤　厚司 生産統括部 船橋第二工場長     ＜本件に関するお問い合わせ先＞ 株式会社ニチレイ　広報IR部　広報グループ Email：N1000X036@nichirei.co.jp   以上  プレスリリース検索 期間 表示順 事業会社で絞り込む プレスリリース 年別一覧表示,fb233f04a0f609da22521ef8c46cfddf801ed826a4fa64ff44c75c57fc68620f
23/08/18,報道関係者 各位  株式会社ニチレイフーズ（代表取締役社長:竹永雅彦、以下「ニチレイフーズ」）は、スーパーフード「アセロラ」をまるごと使用した冷凍『まるごとアセロラmixスムージー』を、2023年9月1日より通販限定で新発売いたします。 1杯（115g）で、1日分のビタミンC（※1）・レタス2個分の食物繊維（※2）・GABA（γ-アミノ酪酸）50㎎を美味しく手軽にチャージすることができます。 ※1　日本人の食事摂取基準（2020年版）成人の1日当たりの推奨量100mgより算出 ※2　レタス1個を200gとし、日本食品標準成分表2020年版（八訂）レタスの食物繊維総量より算出 熱帯地域で育つアセロラは、高温で強い紫外線が降り注ぐ過酷な環境から身を守るため、ビタミンCなどの抗酸化物質を多く含んでいます。アセロラは、収穫後2～3日しか鮮度が保たれず、品質管理が非常に難しいフルーツですが、ニチレイフーズの冷凍技術で、豊富なビタミンCを損なうことなく高品質の状態のまま、産地ベトナムから輸入しています。『まるごとアセロラmixスムージー』は、こうして届けられたアセロラ果実を、種も皮も余さずまるごと使用したスムージーです。“冷凍”だからこそ維持できるアセロラ果実の健康感のある味わいと自然の恵みをお届けします。 ニチレイフーズでは健康意識の高まりに対応し、毎日の食事の中で無理なく続けられる、また美味しさとともにみなさまの健康に貢献できる商品を提案してまいります。 【ここがポイント！】 ●スーパーフード「アセロラ」果実を皮・種ごと使用 ビタミンCなどの抗酸化物質を多く含んでいるアセロラ果実ですが、“果肉”“皮”“種”をすべて使用することで、アセロラ果実まるごとの栄養をとることができます。  ●ブロッコリーの茎をおいしく有効活用 これまであまり有効活用されてこなかったブロッコリーの茎の部分も配合することで、食物繊維を含み、飲みごたえのある濃度に仕上がりました。  ●マンゴーピューレーでまろやかな味わいに 爽やかな甘みと香りのマンゴーピューレーで、アセロラの酸味とブロッコリーの風味をまとめ、まろやかなとろみと飲みやすい味わいに仕上げました。 【アレンジ例】 毎日の朝食や間食、食後のリラックスタイム、お子様のおやつなど、さまざまなシーンでお召し上がりいただけます。 また、解凍するだけで簡単にスムージーが出来上がるので、複数の材料を集める・カットする・ミキサーを洗うなどの面倒な手間を省きながら、忙しい毎日の中でも手軽にスムージーを取り入れることができます。   【LINEのお友だち限定！先行体験キャンペーンについて】 「ニチレイフーズダイレクト」では、発売を記念して抽選で100名様に先行体験プレゼントキャンペーンを実施いたします。この機会にぜひお試しください。 詳しくはこちらから：https://wellness.nichirei.co.jp/shop/pages/smoothiescp202308.aspx 【ニチレイフーズダイレクトについて】 2006年、冷凍食品業界に先駆けて開設したニチレイフーズの公式通販サイトです。現在、主力の冷凍おかずセット「気くばり御膳®」をはじめ、主食つきの多品目冷凍弁当「ウーディッシュ®」、ちょっとリッチなワンプレートおかず「アットホームバル®」など、常時100品以上を取り揃えています。 URL：https://wellness.nichirei.co.jp/shop/default.aspx 【この件に関するお問合せ先】 株式会社ニチレイフーズ マーケティング部  広報グループ　[担当：大竹・笹嶺・宮嶋・原山] 〒104-8402 東京都中央区築地六丁目19番20号 ニチレイ東銀座ビル E-mail：N1010X088@nichirei.co.jp ニチレイグループ ニチレイフーズグループ 禁無断複写・禁無断転載Copyright © Nichirei Foods Inc. All rights reserved.,82247b929c0ceda7b1bf2ccc6207fa1325d2521bf5b3ce73e37aeb6d49fc0841
23/08/25,企業情報 トップメッセージ 会社概要 早わかり ニチレイってこんな会社 食品の安全・信頼 サステナビリティ サステナビリティ基本方針「ニチレイの約束」 ESG投資家向け情報 ニチレイグループのDX 新たな価値の創造 イニシアチブ IR・投資家情報 トップメッセージ 早わかり ニチレイってこんな会社 統合レポート イニシアチブ 食品の安全・信頼 品質基本方針 食品の安全Q＆A ニチレイフーズ 食の品質・安全への取り組み ニチレイフレッシュ品質 知る・楽しむ 食品ロス研究所 ニチレイCMギャラリ― 早わかりニチレイってこんな会社 ニチレイ75年史 氷の実験室（こおらす） 安全・安心な食の知識（こおらす） 氷と暮らしの物語（こおらす） おいしさへの取り組み（こおらす） 2023年8月25日 各位 株式会社ニチレイ  「京都アニものづくりアワード 2023」 当社企業テレビCMが最終選考にノミネート  株式会社ニチレイ（本社：東京都中央区、代表取締役社長：大櫛 顕也）が2023年6月に制作した企業テレビCMが、アニメ・マンガ・キャラクターなどを活用して、企業・団体など異業種によるタイアップやコラボ作品を表彰する「京都アニものづくりアワード 2023」のアニメーション CM 部門の最終選考にノミネートされました。グランプリおよび各部門の入賞作は、9 月16 日（土）から京都で開催される「京都国際マンガ・アニメフェア 2023」にて発表、及び授賞式が行われる予定です。  「アニものづくりアワード」は、アニメとタイアップやコラボレーションした企業や団体の優秀作品を顕彰して広く世に伝え、クオリティの高いコラボコンテンツを増やしていくことを目的に、2017 年に設立されました。アニメ文化との繋がりも深く、伝統産業から先端産業まで多くのものづくり企業が集まる京都市から、全国、世界へ「アニものづくり」を発信していきます。  当社グループはサステナビリティを軸とした企業CMを制作し、放送しております。事業活動を通じて、豊かな食生活と健康を支える企業としての責任を果たしながら、社会的価値と経済的価値双方の向上を目指し、さまざまな社会課題の解決に向けて、強い意志をもってサステナビリティ経営を加速してまいります。  【ご参考】 ノミネートされた企業テレビCM We are team N！シリーズ３篇 ・「食を愛する家族」篇：食品の素材調達から加工までのサステナブルな取り組み ・「おいしさをリレーする」篇：創業以来つないできた冷凍のチカラで日本、そして世界へ ・「食と健康の未来をつくる」篇：食と健康のため、あらゆる課題にグループで挑戦  CM動画はこちらから  【ご参考】 「京都アニものづくりアワード 2023」についてはこちらから   本件に関するお問い合わせ先 株式会社ニチレイ　広報IR部　広報グループ Email：N1000X036@nichirei.co.jp プレスリリース検索 期間 表示順 事業会社で絞り込む プレスリリース 年別一覧表示,2eb6424506f048212a455b19b3e1f7d614c5b113308901f2b15349280f205fe6
23/09/07,株式会社ニチレイフーズ（代表取締役社長：竹永雅彦、以下ニチレイフーズ）は、2023年9月7日（木）より、Instagramに公式アカウントを開設いたしました。 企業コンセプトである「くらしに笑顔を」を基軸に、「食べる人」が主役のアカウントとして、ニチレイの冷凍食品からはじまる笑顔のくらしや、手軽に美味しく楽しめるアレンジレシピなど、様々なコンテンツを配信してまいります。 これからも、Instagram公式アカウントをはじめ、Twitter公式アカウント（＠nichirei_foods）や、ほほえみごはん（https://www.nichireifoods.co.jp/media/）などの各種webメディアを通じ、みなさまのくらしに寄り添った情報をお届けいたしますので、ぜひご覧ください。 ◆アカウント概要 アカウント名：私とニチレイフーズ ユーザー名：@nichirei_foods 【この件に関するお問合せ先】 株式会社ニチレイフーズ マーケティング部 広報グループ［担当：大竹・笹嶺・宮嶋・原山］ 〒104-8402 東京都中央区築地六丁目19番20号 ニチレイ東銀座ビル E-mail：N1010X088@nichirei.co.jp ニチレイグループ ニチレイフーズグループ 禁無断複写・禁無断転載Copyright © Nichirei Foods Inc. All rights reserved.,58b4ead265d0094b1dc092616f039f7963c9a6da33e8772d9b5e78680111d04c
23/09/07,報道関係者 各位 株式会社ニチレイフーズ（代表取締役社長：竹永雅彦、以下「ニチレイフーズ」）は、日清製粉グループの株式会社日清製粉ウェルナ（取締役社長：岩橋恭彦、以下「日清製粉ウェルナ」）と協業し、共同開発商品の第1弾『1/3日分野菜のペペロンチーノ』を、10月1日より、業務用冷凍食品として発売いたします。 【協業の背景】 国内では「女性・高齢者の就業率の高まり」等の中長期的な社会環境変化を受け、家庭内での食事を素材から調理せずに加工食品や惣菜、外食等を活用する「食の外部化」が進展しています。そのような中、喫食時間や場所、味・メニューの嗜好が多様化し、従来の商品提案のみでは生活者ニーズをとらえきれないことも想定されます。ニチレイフーズでは、冷凍ノウハウ等の自社の強みに加え、日清製粉ウェルナの冷凍パスタの知見を掛け合わせることで、新たな提案を通じて多様化するニーズに応えてまいります。両社では、引き続き協業し、業態にとらわれず、幅広いニーズへ向けた提案を加速する予定です。 【共同開発商品のコンセプト】 業務用各業態における慢性的な人手不足が今後も継続すると考えられる中、時短・簡便調理が可能で、「３つのロス」（タイムロス・廃棄ロス・チャンスロス）を解決できる業務用冷凍食品のニーズが高まっています。ニチレイフーズでは、複数の野菜と肉や魚、タレをキット化して簡便オペレーションを実現する「Vegedelica®」シリーズや、1食ずつスチームコンベクション調理が可能で、売り場への補充も容易な商品等の提案を強化してまいりました。 他方、量販店惣菜では、中長期的な「食の洋食化」のトレンド等を受け、パスタ類の需要が底堅く存在します。そこで、ニチレイフーズと日清製粉ウェルナでは、互いの強みを生かし、ニーズの高まる惣菜売場向けのパスタ商品を共同開発いたしました。 今回の共同開発商品では、ニチレイフーズの強みである「素材の組み合わせ技術（アッセンブル機能）」を生かし、あらかじめ下ごしらえされた具材とパスタをキット化することで、調理時の食材廃棄を削減するとともに、スチームコンベクション調理に対応いたしました。調理オペレーションの簡略化により、追加品出しも即時に可能となり、惣菜業態の「タイムロス」「廃棄ロス」「チャンスロス」という「3つのロス」を解決いたします。  また、日清製粉ウェルナの強みである、麺の経時変化への対応技術を生かした商品開発を通じ、伸びにくく食感のよい麺への生活者ニーズに応えます。さらにニチレイフーズの冷凍野菜の高い調達力を生かし、「1食分野菜」をトッピングすることで健康感と具材感を両立いたしました。本商品を通じ、生活者へ「おいしさ」「健康」「必要な時に買える」という「3つの付加価値」を提案いたします。 【商品概要】 ・商品名：1/3日分野菜のペペロンチーノ（※） ・規格：580g（野菜ミックス280g＋パスタ300g）×9袋入 ・JANコード：4902130104466 ・商品特徴：1食で1日に必要な野菜の1/3を摂取可能／麺へ経時変化耐性を付与し、時間が経っても伸びにくい食感／ 野菜ミックス・パスタを同時間スチームコンベクション調理するだけで本格的なメニューが提供可能 ※厚生労働省が「健康日本21(第三次)」で目標とする野菜摂取量は1人当たり1日350gです。 本商品は2食分を想定しています。1食当たり120g以上の野菜を使用しており、1/3日分を摂取することが出来ます。 【この件に関するお問合せ先】 株式会社ニチレイフーズ マーケティング部 広報グループ　[担当：大竹・笹嶺・宮嶋・原山] 〒104-8402 東京都中央区築地六丁目19番20号 ニチレイ東銀座ビル E-mail：N1010X088@nichirei.co.jp ニチレイグループ ニチレイフーズグループ 禁無断複写・禁無断転載Copyright © Nichirei Foods Inc. All rights reserved.,86341be6f898dd890f5aa24b44d108b2cd14a429c8d7db50a891c41e1d0ecbb4
23/09/13,"BUSINESS GUIDE COMPANY PROFILE & OTHER タイ子会社のSCG Nichirei Logistics Co.,Ltdは、地球環境に配慮したCO2排出量削減活動の一環として、このたび物流センターへ約2,100枚（1,400kWp相当）の太陽光パネルを設置いたしました。 今回の設置により、これまで稼働した拠点と合わせた国内外の総発電電力量は年間約730万kWhを見込み、CO2は年間約3,600トンの排出削減につながります。また、発電した電力は自家消費することで、自然エネルギーの自給率を高めます。 今後も持続可能な社会の実現に向け、さらなる環境負荷の逓減に取り組んでまいります。  Copyright（C）NICHIREI LOGISTICS GROUP INC.",d669a919ee153094f75c87b534ca1d52877fce5e101aa5f896a19a45645415fb
23/09/19,企業情報 トップメッセージ 会社概要 早わかり ニチレイってこんな会社 食品の安全・信頼 サステナビリティ サステナビリティ基本方針「ニチレイの約束」 ESG投資家向け情報 ニチレイグループのDX 新たな価値の創造 イニシアチブ IR・投資家情報 トップメッセージ 早わかり ニチレイってこんな会社 統合レポート イニシアチブ 食品の安全・信頼 品質基本方針 食品の安全Q＆A ニチレイフーズ 食の品質・安全への取り組み ニチレイフレッシュ品質 知る・楽しむ 食品ロス研究所 ニチレイCMギャラリ― 早わかりニチレイってこんな会社 ニチレイ75年史 氷の実験室（こおらす） 安全・安心な食の知識（こおらす） 氷と暮らしの物語（こおらす） おいしさへの取り組み（こおらす） IR・投資家情報 PDF 224 KB 各位 2023年9月19日 ニチレイ　人事異動について 株式会社ニチレイ（代表取締役社長：大櫛顕也）の人事異動について、以下の通りお知らせいたします。   記  ＜人事異動＞ 役員委嘱事項変更（２０２３年１０月１日付） 氏名 新職 継続職 旧職 髙久　祐一 サステナビリティ推進部長 取締役上席執行役員 戦略本部副本部長 情報戦略部管掌 経営企画部長 サステナビリティ推進部管掌    ＜ご参考＞ 株式会社ニチレイ役員体制（２０２３年１０月１日時点） 役　　　　　職 氏　　名 代表取締役社長　戦略本部長 大櫛　顕也 取締役上席執行役員 梅澤　一彦 取締役上席執行役員 竹永　雅彦 取締役上席執行役員 田邉　弥 取締役上席執行役員　コーポレートマネジメント本部長　経理部・広報IR部・経営監査部・品質保証部・不動産事業部管掌　財務部長 鈴木　健二 取締役上席執行役員　戦略本部副本部長　情報戦略部管掌　経営企画部長　兼　サステナビリティ推進部長 髙久　祐一 社外取締役 昌子　久仁子 社外取締役 鍋嶋　麻奈 社外取締役 濱　逸夫 社外取締役 濱島　健爾 常勤監査役 加藤　達志 常勤監査役 片渕　哲郎 社外監査役 齊藤　雄彦 社外監査役 朝比奈　清 社外監査役 清田　宗明 上席執行役員　コーポレートマネジメント本部副本部長　法務部管掌　総務部長　兼　人事部長　兼　秘書室長 狩野　豊 上席執行役員 横井　英夫 執行役員　品質保証部長 奥河　卓司 執行役員　情報戦略部長 坂口　譲司  以上 IR・投資家情報,f67c8d380015260e8fd2ca3c9807357a590c0023bede6a371a52ce373260644a
23/09/22,企業情報 トップメッセージ 会社概要 早わかり ニチレイってこんな会社 食品の安全・信頼 サステナビリティ サステナビリティ基本方針「ニチレイの約束」 ESG投資家向け情報 ニチレイグループのDX 新たな価値の創造 イニシアチブ IR・投資家情報 トップメッセージ 早わかり ニチレイってこんな会社 統合レポート イニシアチブ 食品の安全・信頼 品質基本方針 食品の安全Q＆A ニチレイフーズ 食の品質・安全への取り組み ニチレイフレッシュ品質 知る・楽しむ 食品ロス研究所 ニチレイCMギャラリ― 早わかりニチレイってこんな会社 ニチレイ75年史 氷の実験室（こおらす） 安全・安心な食の知識（こおらす） 氷と暮らしの物語（こおらす） おいしさへの取り組み（こおらす） 2023年9月22日  各位  株式会社ニチレイフレッシュ    健康価値食肉「ごまんてんⓇ」の全国販売について    株式会社ニチレイフレッシュ（代表取締役社長：田邉弥　本社：東京都中央区）は、健康価値食肉「ごまんてんⓇ」について、全国販売を展開してまいります。  「ごまんてんⓇ」は、ごまを配合した独自飼料を給餌して育てた、新たな豚肉のブランドです。このお肉を食べることで、ごま由来の機能性成分であるセサミン（※）を摂取することができます。加えて、「ごまんてんⓇ」は脂肪の口溶けの良さ、旨味やコク味がある、味が濃厚で、獣臭が少ないという特長も持ち合わせています。 （※セサミンは抗酸化機能、コレステロール低下作用などを持つことが報告されています。）  当社は、健康価値を訴求する畜産品を「健康価値食肉」と称し、その研究開発に取り組んできました。「ごまんてんⓇ」に関しては、2020年からセサミンに着目した研究を開始し、香川県の委託農場で生産を行ってきました。今年度から西日本エリアにて限定販売を行ってきましたが、この度、新たな委託農場（北海道）の開拓により供給体制を整え、2024年より全国に向けて販売を進めてまいります。  ニチレイフレッシュは「海と大地と人をつなぐ」というカンパニースローガンの下、これからもこだわりの畜産品を通じて、皆さまの健康な食生活に貢献してまいります。  ＜本件に関するお問い合わせ先＞ 株式会社ニチレイ　広報IR部　広報グループ Email: N1000X036@nichirei.co.jp   以上  プレスリリース検索 期間 表示順 事業会社で絞り込む プレスリリース 年別一覧表示,bd26f6e1202e9714ae7febf67d3f245d23f01e70204fcc9566b627a44c6b7c28
23/09/27,報道関係者 各位 株式会社ニチレイフーズ(代表取締役社長:竹永雅彦、以下「ニチレイフーズ」)は、通販限定の冷凍おかずセット「きくばりごぜん™」シリーズに使用される包装資材すべてを環境対応いたします。全49品中、2023年10月27日に発売する、新商品3品・リニューアル品4品の計7品より、順次切り替えてまいります。 商品に使用するトレイ、フタ、配送用段ボールなどすべて環境に配慮した素材を使う「オール環境包材化」は、ニチレイフーズ初の取り組みです。 同時に、従来のメインユーザーであるシニア層に加え、若年層など幅広いお客様への利用拡大を視野に、シリーズ名を「気くばり御膳®」から、ひらがなの「きくばりごぜん™」へ順次変更し、デザインもより優しく親しみやすいものへ変更いたします。 「きくばりごぜん™」シリーズにおいても引き続き、主菜と3～4種類の副菜をセットし、カロリー300kcal以下、塩分2.0g以下、野菜100g以上（※）使用することで、健康に配慮してまいります。また、ご自身の嗜好や体調などに合わせた食事を、飽きずに継続していただけるように和洋中バラエティ豊かなラインアップを提案してまいります。 ※芋類、きのこ類、海藻類、豆類含む。生鮮換算 【「きくばりごぜん™」シリーズ刷新の背景】 ニチレイフーズでは、独自の栄養成分のコントロール技術を活かし、「食や栄養に意識の高い方」や「健康状態が気になる方」に向けた美味しさと栄養バランス、誰もが簡単に準備できる手軽さを兼ね備えた冷凍おかずセット「気くばり御膳®」を、2004年に発売いたしました。 近年では、テレワークが一定程度定着したことなどを受けた、家庭内喫食機会の増加に伴う食事準備の合理化と、各人が自身の目的・嗜好にあわせた食事をとる「パーソナルユース」志向、健康意識の高まりによる食習慣の見直しなどのニーズが顕在化しています。また、若年層を中心に、環境に配慮した商品を選ぶ「エシカル消費」の機運も高まっています。 このように、ライフスタイルや食へのニーズの変化が加速していることを受け、シリーズ名を「気くばり御膳®」から、ひらがなの「きくばりごぜん™」へ刷新し、手軽に健康、簡単便利、環境配慮といったスマートな食生活を求める生活者へ幅広く価値をお届けしてまいります。 【商品のポイント】 １）プラスチック使用量を4割削減！ 「きくばりごぜん™」シリーズでは、紙製のトップシールに加え、「STONE-SHEET®︎」を使用したトレイを新たに採用いたします。従来のトレイと比較して、4割以上のプラスチックを削減することができます。 ２）利便性の向上 トップシール対応により、密封性向上とシンプルな開封を両立しました。喫食後は、可燃物として捨てられるため、容器の処理もスマートになります。 １．密閉性向上とシンプルな開封 たれ・ソース類が液漏れしにくく、開けるときは、紙フィルムを剥がすだけです。 ２．容器処理の利便性 可燃物として処理ができます。 （フタ：紙、トレイ：可燃物） ３）デザイン性の向上 食の楽しさとブランドストーリーを伝えるデザインへ変更いたします。紙製のフタには、橙・ピンク・黄色の温かみのある親しみやすい3色を採用し、食の楽しみを増進します。また、「きくばり」の文字を散りばめた12種類のエッセイを通じ、日常の中にある何気ない「きくばり」をお伝えしていきます。 ４）飽きがこずに長く継続して楽しめる「おいしさ」 第1弾では、「和洋中のバラエティ」3商品を新商品として、「人気メニューのブラッシュアップ」4商品をリニューアル品として発売いたします。   【新商品の一覧】 デミグラスのポークソテー 1食(190g)あたり 200kcal / 食塩相当量1.6g 販売価格819円(税込) 白身魚のチリソース 1食(205g)あたり 250kcal / 食塩相当量1.6g 販売価格929円(税込) 鶏もも肉の治部煮風 1食(220g)あたり 185kcal / 食塩相当量1.8g 販売価格819円(税込)      【リニューアル品の一覧】 ぶりの照り焼き 1食(200g)あたり 231kcal / 食塩相当量1.7g 販売価格929円(税込) しょうが醤油の鶏からあげ 1食(195g)あたり 285kcal / 食塩相当量2.0g 販売価格819円(税込) たまねぎソースの和風ハンバーグ 1食(220g)あたり 232kcal / 食塩相当量1.9g 販売価格819円(税込) 黒酢の酢豚 1食(210g)あたり 213kcal / 食塩相当量1.9g 販売価格819円(税込) ※最右列の画像は、いずれも盛り付け例。※上記商品いずれも、パッケージサイズ：208×168×41 (mm)、包装形態：トップシール包装     【ニチレイフーズダイレクトとは】 2006年、冷凍食品業界に先駆けて開設したニチレイフーズの公式通販サイトです。現在、主力の冷凍おかずセット「きくばりごぜん™」をはじめ、主食つきの多品目冷凍弁当「ウーディッシュ®」、ちょっとリッチなワンプレートおかず「アットホームバル®」など、常時100品以上を取り揃えています。 URL：https://wellness.nichirei.co.jp/shop/default.aspx   【この件に関するお問合せ先】 株式会社ニチレイフーズ マーケティング部広報グループ　[担当：大竹・笹嶺・宮嶋・原山] 〒104-8402 東京都中央区築地六丁目19番20号 ニチレイ東銀座ビル E-mail：N1010X088@nichirei.co.jp  ニチレイグループ ニチレイフーズグループ 禁無断複写・禁無断転載Copyright © Nichirei Foods Inc. All rights reserved.,98c2cd0bdea3ad25d849869731aed24843f83da61380aaca81899490913e5f97
23/10/02,"株式会社ニチレイフーズ（代表取締役社長：竹永雅彦）は、「から揚げ強化月間」に合わせて、全国の一般生活者14,096名を対象に、「鶏のから揚げ」（以下、「から揚げ」と表記）に関する意識・実態調査『全国から揚げ調査2023』を実施いたしました。（調査時期：2023年8月、調査方法：インターネットによるアンケート調査） ［調査概要］ 調査期間：2023年8月18日～28日 調査対象：全国の 20～79歳 の男女（14,096名） 調査方法：インターネットによるアンケート調査 ＜から揚げ強化月間とは＞ 2018年より、日本唐揚協会では毎年10月を「から揚げ強化月間」とし、全国のから揚げ専門店やカラアゲニスト、賛同企業・団体と共に、から揚げのさらなる普及、消費拡大に向けた取り組みを行っています。10月は行楽シーズンを始め、から揚げのお弁当利用が最も高い月であること（※）、また「10」の語呂合わせ（じゅわっと、ジューシー）、干支の10番目が「酉」であるなど、から揚げと相性が良い月であることが理由です。 ※「食MAP」におけるから揚げ（お弁当おかず）のTI値No.1（2018年、ニチレイフーズ調べ） 食MAP及びTI値は株式会社ライフスケープマーケティングの登録商標。（TI値…Table Indexの略。1000食卓当たりのメニューの出現数） 調査内容についての詳細はこちらのPDF資料をご覧ください。 ＜全国から揚げ調査2023＞から揚げが「好きなおかずランキング」４年連続1位を達成！年間総消費量は400億個超（推計値）と復活！物価上昇＆コロナ禍明けでも、から揚げは家庭の強い味方！ ニチレイフーズの調査リリースをまとめた特設サイトはこちら ニチレイフーズ　リサーチ ニチレイグループ ニチレイフーズグループ 禁無断複写・禁無断転載Copyright © Nichirei Foods Inc. All rights reserved.",34486e36aed95d1707ee2d7847bca09cb7475b9afc9fece226f9cf466a97997b
23/10/04,"企業情報 トップメッセージ 会社概要 早わかり ニチレイってこんな会社 食品の安全・信頼 サステナビリティ サステナビリティ基本方針「ニチレイの約束」 ESG投資家向け情報 ニチレイグループのDX 新たな価値の創造 イニシアチブ IR・投資家情報 トップメッセージ 早わかり ニチレイってこんな会社 統合レポート イニシアチブ 食品の安全・信頼 品質基本方針 食品の安全Q＆A ニチレイフーズ 食の品質・安全への取り組み ニチレイフレッシュ品質 知る・楽しむ 食品ロス研究所 ニチレイCMギャラリ― 早わかりニチレイってこんな会社 ニチレイ75年史 氷の実験室（こおらす） 安全・安心な食の知識（こおらす） 氷と暮らしの物語（こおらす） おいしさへの取り組み（こおらす） 2023年10月4日    各位  株式会社ニチレイ      GPIFが採用する6つ全てのESG指数と「FTSE4Good Index Series」の構成銘柄に継続選定、 MSCI ESGレーティングでAAを獲得      株式会社ニチレイ（本社：東京都中央区、代表取締役社長：大櫛顕也）は、年金積立金管理運用独立行政法人（GPIF）が採用している、日本企業を対象とする6つ全てのESG（環境、社会、ガバナンス）指数の構成銘柄に継続選定されました。「FTSE Blossom Japan Index」「MSCIジャパンESGセレクト・リーダーズ指数」「MSCI日本株女性活躍指数（WIN）」の三つには7年連続で、「S&P/JPXカーボン・エフィシェント指数シリーズ」は6年連続、「FTSE Blossom Japan Sector Relative Index」には2年連続で選定されました。加えて新たに採用された「Morningstar日本株式ジェンダー・ダイバーシティ・ティルト指数（除くREIT）」（*1）にも選定されました。          また、ESG投資の代表的な指数である「FTSE4Good Index Series」（*2）の構成銘柄に2003年度から21年連続で選定され、MSCI （*3）ESG RATINGSにおいて「AA」を4年連続で獲得しました。         ニチレイグループは、豊かな食生活と健康を支える企業としての社会的責任を重視し、透明性の高い経営を実践してきました。2022～2024年度中期経営計画「Compass Rose 2024」においても、サステナビリティ基本方針「ニチレイの約束」に基づき、事業活動を通じた社会課題の解決に取り組み、ニチレイグループの持続的な企業価値の向上を目指すとともに、積極的な情報開示に努めてまいります。      （*1）Morningstar, Inc., and/or one of its affiliated companies (individually and collaboratively, “Morningstar”) has authorized Nichirei Corporation to use of the Morningstar Japan ex-REIT Gender Diversity Tilt Logo (“Logo”) to reflect the fact that, for the designated ranking year, Nichirei Corporation ranks in the top quintile of companies comprising the Morningstar® Japan ex-REIT Gender Diversity Tilt IndexSM (“Index”) on the issue of gender diversity in the workplace. Morningstar is making the Logo available for use by Nichirei Corporation solely for informational purposes. Nichirei Corporation use of the Logo should not be construed as an endorsement by Morningstar of Nichirei Corporation or as a recommendation, offer or solicitation to purchase, sell or underwrite any security associated with Nichirei Corporation. The Index is designed to reflect gender diversity in the workplace in Japan, but Morningstar does not guarantee the accuracy, completeness or timeliness of the Index or any data included in it. Morningstar makes no express or implied warranties regarding the Index or the Logo, and expressly disclaim all warranties of merchantability or fitness for a particular purpose or use with respect to the Index, any data included in it or the Logo. Without limiting any of the foregoing, in no event shall Morningstar or any of its third party content providers have any liability for any damages (whether direct or indirect), arising from any party’s use or reliance on the Index or the Logo, even if Morningstar is notified of the possibility of such damages. The Morningstar name, Index name and the Logo are the trademarks of services marks of Morningstar, Inc. Past performance is no guarantee of future results.    （*2）FTSE4Good Index Series：投資家向けにベンチマーク、分析およびデータに関連したソリューションを提供する世界的な大手プロバイダーFTSE Russell（フッツィーラッセル）が構築するESG投資の代表的な指標のひとつであり、ESGを考慮した投資における投資先の選択基準となっています。  FTSE4Good Index Series についてはこちらから   （*3）MSCI：米国・ニューヨークに本拠を置く、金融サービス企業。ニューヨーク証券取引所に上場しており、株価指数の算出や、ポートフォリオ分析など世界中の機関投資家に幅広いサービスを提供しています。  MSCIについてはこちらから  THE INCLUSION OF NICHIREI IN ANY MSCI INDEX, AND THE USE OF MSCI LOGOS, TRADEMARKS, SERVICE MARKS OR INDEX NAMES HEREIN, DO NOT CONSTITUTE A SPONSORSHIP, ENDORSEMENT OR PROMOTION OF NICHIREI BY MSCI OR ANY OF ITS AFFILIATES. THE MSCI INDEXES ARE THE EXCLUSIVE PROPERTY OF MSCI. MSCI AND THE MSCI INDEX NAMES AND LOGOS ARE TRADEMARKS OR SERVICE MARKS OF MSCI OR ITS AFFILIATES.   本件に関するお問い合わせ先  株式会社ニチレイ  広報IR部　広報グループ  Email：N1000X036@nichirei.co.jp  プレスリリース検索 期間 表示順 事業会社で絞り込む プレスリリース 年別一覧表示",33a258bb49ef4719147d981f655a8ea5455fe5c8ae7444db7967b0d7237f535a
23/10/23,企業情報 トップメッセージ 会社概要 早わかり ニチレイってこんな会社 食品の安全・信頼 サステナビリティ サステナビリティ基本方針「ニチレイの約束」 ESG投資家向け情報 ニチレイグループのDX 新たな価値の創造 イニシアチブ IR・投資家情報 トップメッセージ 早わかり ニチレイってこんな会社 統合レポート イニシアチブ 食品の安全・信頼 品質基本方針 食品の安全Q＆A ニチレイフーズ 食の品質・安全への取り組み ニチレイフレッシュ品質 知る・楽しむ 食品ロス研究所 ニチレイCMギャラリ― 早わかりニチレイってこんな会社 ニチレイ75年史 氷の実験室（こおらす） 安全・安心な食の知識（こおらす） 氷と暮らしの物語（こおらす） おいしさへの取り組み（こおらす） 2023年10月23日  報道関係者各位 株式会社ニチレイ  「ニチレイpresentsオールジャパン　メダリスト・オン・アイス2023」特別協賛について  株式会社ニチレイ（代表取締役社長：大櫛顕也）は、12月25日（月）に長野市若里多目的スポーツアリーナ ビッグハットで開催される「ニチレイpresentsオールジャパン メダリスト・オン・アイス2023」に冠スポンサーとして特別協賛いたします。  「ニチレイpresentsオールジャパン メダリスト・オン・アイス2023」は、全日本選手権、全日本ジュニア選手権の上位入賞選手や2024年に行われる世界選手権・四大陸選手権・世界ジュニアの日本代表選手など日本のトップスケーターが出演するエキシビションです。  当社は製氷が創業事業のひとつであるなど、氷との関わりが深い事業を行ってきたことから、2006年より公益財団法人日本スケート連盟のオフィシャルパートナーとしてスケート競技を応援しています。各種世界大会での日本選手の活躍と、フィギュアスケート界のさらなる発展を応援したいという思いから、今年も本エキシビションを特別協賛いたします。  ＜概要＞ 1.名称：ニチレイpresentsオールジャパン メダリスト・オン・アイス2023  2.会場：長野市若里多目的スポーツアリーナ ビッグハット （〒380-0928　長野県長野市若里　3-22-2　TEL／026-223-2223）  3.日時：2023年12月25日（月）14：00開場　15：00開演　17：45終演予定　（全1公演）  4.主催：オールジャパン　メダリスト・オン・アイス2023実行委員会、産経新聞社  5.後援：公益財団法人日本スケート連盟  6.特別協賛：株式会社ニチレイ  7.チケット発売日/受付期間：2023年10月21日（土）10：00～10月26日（木）23：59  8.プレイガイド： ホクチケドットコム ローソンチケット チケットぴあ イープラス ＊受付開始日から閲覧可能です。  9.お問合せ：サンライズプロモーション北陸　TEL／ 025-246-3939 （火～金12：00～16：00　土10：00～15：00　月・日・祝日休業）  ※詳しくは公式ホームページをご覧下さい。 公式ホームページはこちら  ＜本件に関するお問い合わせ先＞ 株式会社ニチレイ　広報IR部　広報グループ Email: N1000X036@nichirei.co.jp  プレスリリース検索 期間 表示順 事業会社で絞り込む プレスリリース 年別一覧表示,65054e2be6943c2ed43b5eb1823ea3c86401128ec6e275d1a6a245e02f7f7dd8
23/10/25,企業情報 トップメッセージ 会社概要 早わかり ニチレイってこんな会社 食品の安全・信頼 サステナビリティ サステナビリティ基本方針「ニチレイの約束」 ESG投資家向け情報 ニチレイグループのDX 新たな価値の創造 イニシアチブ IR・投資家情報 トップメッセージ 早わかり ニチレイってこんな会社 統合レポート イニシアチブ 食品の安全・信頼 品質基本方針 食品の安全Q＆A ニチレイフーズ 食の品質・安全への取り組み ニチレイフレッシュ品質 知る・楽しむ 食品ロス研究所 ニチレイCMギャラリ― 早わかりニチレイってこんな会社 ニチレイ75年史 氷の実験室（こおらす） 安全・安心な食の知識（こおらす） 氷と暮らしの物語（こおらす） おいしさへの取り組み（こおらす） 2023年10月25日 各位 株式会社ニチレイ  当社グループ会社　工場閉鎖の件  当社グループの水産・畜産事業を行う株式会社ニチレイフレッシュ（代表取締役社長：田邉 弥）は、傘下の水産加工工場である株式会社フレッシュまるいち　豊橋工場を閉鎖することを決定いたしましたのでお知らせいたします。  記  （1）事業所の概要 [1] 事業所名 　      株式会社フレッシュまるいち　豊橋工場 [2] 所在地    　       愛知県豊川市小坂井町道地8番地 [3] 操業開始　　　 1973年 [4] 主要生産品目    たこ製品 [5] 従業員数 　       35名（2023年9月末現在） [6] 閉鎖予定時期　 2024年3月末  （2）閉鎖の理由 1973年に開設した豊橋工場は、長くニチレイフレッシュグループの水産加工品の主要工場の一つとして稼働してきました。しかし、老朽化に伴う安全性や生産能力の問題により、このたび工場閉鎖を決定いたしました。 豊橋工場の生産品目については、ニチレイフレッシュグループ別工場への移管や外部委託生産への移行を進めてまいります。  なお、株式会社フレッシュまるいち　若松工場は、継続して稼働を行ってまいります。  （3）従業員について 当社グループ内での配置転換や近隣地区での雇用斡旋も含め、従業員全員と個人面談を実施してまいります。  ＜本件に関するお問い合わせ先＞ 株式会社ニチレイ　広報IR部広報グループ Email: N1000X036@nichirei.co.jp  以上 プレスリリース検索 期間 表示順 事業会社で絞り込む プレスリリース 年別一覧表示,80a72ccc421f021e17b5a8fcd9771729191592b83f125cd8aa6b7b6f970646c0
23/11/01,報道関係者 各位 株式会社ニチレイフーズ(代表取締役社長：竹永 雅彦)は、オフィシャルスポンサーとして協賛しているキッザニア東京（東京都江東区）において、12月1日の「ニチレイ創立記念日」にあわせ12月１日(金)～4日(月)の4日間、「Exciting Week with NICHIREI FOODS　～冷凍食品ウィーク～」を開催いたします。今回は、同イベントで初めて「クリスマス」をテーマにお弁当を作ります。 【開催の背景】 ニチレイフーズでは2014年より毎年10月18日の「冷凍食品の日」にあわせ、10月中旬に「Exciting Week with NICHIREI FOODS」と銘打って「限定アクティビティ」を提供してまいりました。本年もキッザニア甲子園にて10月20日(金)～23日(月)の4日間、「Exciting Week with NICHIREI FOODS　～冷凍食品ウィーク～」を開催しました。 好評につき今年は第2弾として、キッザニア東京でも12月1日(金)～4日(月)まで、「Exciting Week with NICHIREI FOODS　～冷凍食品ウィーク～」を開催します。期間中は「大切な人へお弁当を届けよう」ワークショップや大人も一緒に楽しめるクイズラリーなどを実施します。 【イベントの概要】 イベントでは、キッザニア東京「食品開発センター」パビリオンで期間限定「大切な人へお弁当を届けよう」ワークショップを実施し、オリジナルのお弁当箱を使ったお弁当作り体験を提供します。 あわせて、キッザニア東京の来場者全員に「冷凍食品」に関するクイズラリーを実施します。クイズに全問正解された来場者の皆様には素敵なプレゼントをご用意しています。皆様のお越しをお待ちしております。 ■日時 2023年12月1日(金)～4日(月)(4日間) ■場所 キッザニア東京(東京都江東区豊洲2-4-9　アーバンドック ららぽーと豊洲ノースポート3階) アクセス方法：http://www.kidzania.jp/tokyo/access/ ■イベント内容 ・「食品開発センター」にてお弁当作り体験 ※体験者は、オリジナルのお弁当箱を持ち帰ることができます ・施設内にて「冷凍食品」や「お弁当」に関するクイズラリー ■キッザニア東京 公式サイトからのお知らせ https://www.kidzania.jp/tokyo/news/15210 【ニチレイフーズ出展「食品開発センター」パビリオンとは】 キッザニア東京・甲子園・福岡において、冷凍食品を開発する仕事を体験することができます。衛生などの心構えから具材選び、凍結時の品質チェックや試食など、一連の開発業務を体験しながら、冷凍食品への興味関心を深めて頂くことを目的としております。 【キッザニアとは】 KCJ GROUP は、3歳から15歳までのこども達の職業・社会体験施設「キッザニア東京（2006年10月開業）」「キッザニア甲子園（2009年3月開業）」「キッザニア福岡（2022年7月開業）」の企画・運営をしています。「キッザニア」は、現実社会の約2/3サイズの街並みに、実在する企業が出展するパビリオンが建ち並び、さまざまな仕事やサービスを体験できます。キッザニアのコンセプトは、「エデュケーション（学び）」と「エンターテインメント（楽しさ）」を合わせた『エデュテインメント』。こども達が好きな仕事にチャレンジし、楽しみながら社会の仕組みを学ぶことができる「こどもが主役の街」です。 【この件に関するお問合せ先】 株式会社ニチレイフーズ マーケティング部 広報グループ　[担当：大竹・笹嶺・宮嶋・原山] 〒104-8402 東京都中央区築地六丁目19番20号 ニチレイ東銀座ビル E-mail：N1010X088@nichirei.co.jp ニチレイグループ ニチレイフーズグループ 禁無断複写・禁無断転載Copyright © Nichirei Foods Inc. All rights reserved.,e0129057295a83facfd1be91b112da99ed228d5b5c44cf8eb5ae2d6d3c0bec17
23/11/01,報道関係者 各位 株式会社ニチレイフーズ（代表取締役社長：竹永 雅彦、以下「ニチレイフーズ」）は、鈴木亮平さんを起用し、通販限定の冷凍おかずセット「きくばりごぜん™」の新Web CM『冷凍庫に、健康食堂』篇を、2023年11月1日(水)より配信開始いたします。 ■CMの見どころ  仕事から疲れて帰宅した鈴木亮平さんが「食べるものがない！」とピンチを迎えた場面から、鈴木さん自身による実況がスタート。冷凍庫に、300kcal以下・野菜100g以上※1・最短4分※2で仕上がる、ニチレイ「きくばりごぜん™」を発見し、おいしくヘルシーな食事をとることができた鈴木さんの至福の表情が見どころです。また、リアルの鈴木さんと実況の鈴木さん、二人の鈴木さん同士のかけあいにも注目です。 ※1：芋類、きのこ類、海藻類、豆類含む。生鮮換算　※2：600W使用  近年では、テレワークが一定程度定着したことなどを受けた、家庭内喫食機会の増加に伴う食事準備の合理化と、各人が自身の目的・嗜好にあわせた食事をとる「パーソナルユース」志向、健康意識の高まりによる食習慣の見直しなどのニーズが顕在化しています。「きくばりごぜん™」は、手軽に健康、簡単便利、環境配慮といったスマートな食生活を求める生活者へ幅広く価値をお届けしてまいります。 ■新Web CM概要  タイトル：『冷凍庫に、健康食堂』篇（30秒） 配信開始日：2023年11月1日(水)～ 出稿媒体：YouTube サイトURL https://wellness.nichirei.co.jp/shop/pages/kikubarigozen_renewal.aspx YouTube URL https://youtu.be/Nf_yvFquZg8 詳細はこちらのPDF資料をご覧ください。 鈴木亮平さんの名実況に注目！「きくばりごぜん™」新Web CM公開～2023年11月1日(水)より配信開始～ ニチレイグループ ニチレイフーズグループ 禁無断複写・禁無断転載Copyright © Nichirei Foods Inc. All rights reserved.,95d5f06817bd46f22bb7aa9382e629179f0210c6b5810d0bd7013008bf95f91f
23/11/30,報道関係者 各位 株式会社ニチレイフーズ(代表取締役社長：竹永雅彦)は、2024年3月1日納品分より家庭用商品、2024年4月1日納品分より業務用商品の出荷価格を改定いたします。 世界的な食料需要の増加に加え、為替変動、動燃料費や包装資材の高騰、不安定な世界情勢等を背景に原材料価格の上昇が続いております。また、トラックドライバーの長時間労働規制が強化される「2024年問題」への対応をうけ、物流費が高騰しております。 このような厳しい環境の中、当社では全社挙げての効率化、合理化、原材料の見直し等できる限りのコスト削減に取り組み、商品の安定供給とともに品質・価格の維持に努めてまいりましたが、自助努力だけではコスト増を吸収することが困難な状況となりました。 現在の商品品質を維持し、安定的にお届けするため、出荷価格の改定を下記の通り行います。 記 【対象商品】 家庭用　冷凍食品・常温食品 業務用　冷凍食品・常温食品 ※一部、規格変更に伴う「実質的な価格改定」を含みます。 【価格改定率】 家庭用　約1%～約6％アップ 業務用　約1％～約6％アップ ※一部改定率の範囲を超える商品がございます。 また使用原材料等の商品設計などにより改定幅は異なります。 【価格改定時期】 家庭用：2024年3月1日（金）納品分より 業務用：2024年4月1日（月）納品分より 【 この件に関するお問合せ先 】 株式会社ニチレイフーズ マーケティング部 広報グループ　［担当：大竹・笹嶺・宮嶋・原山］ 〒104-8402 東京都中央区築地六丁目19番20号 ニチレイ東銀座ビル E-mail：N1010X088@nichirei.co.jp ニチレイグループ ニチレイフーズグループ 禁無断複写・禁無断転載Copyright © Nichirei Foods Inc. All rights reserved.,98dccd97951d7bcbb626516ee287add40053b63e849701666b93cfad3de482bc
23/12/05,企業情報 トップメッセージ 会社概要 早わかり ニチレイってこんな会社 食品の安全・信頼 サステナビリティ サステナビリティ基本方針「ニチレイの約束」 ESG投資家向け情報 ニチレイグループのDX 新たな価値の創造 イニシアチブ IR・投資家情報 トップメッセージ 早わかり ニチレイってこんな会社 統合レポート イニシアチブ 食品の安全・信頼 品質基本方針 食品の安全Q＆A ニチレイフーズ 食の品質・安全への取り組み ニチレイフレッシュ品質 知る・楽しむ 食品ロス研究所 ニチレイCMギャラリ― 早わかりニチレイってこんな会社 ニチレイ75年史 氷の実験室（こおらす） 安全・安心な食の知識（こおらす） 氷と暮らしの物語（こおらす） おいしさへの取り組み（こおらす） 2023年12月5日 各位 株式会社ニチレイフーズ  ニチレイフーズ　人事異動について  株式会社ニチレイフーズ（代表取締役社長：竹永雅彦）の人事異動について、以下の通りお知らせいたします。  記 ＜人事異動＞ （2024年1月1日付） 氏名 新職 継続職 旧職 高橋　克彰 食品総合研究所 商品開発部付部長     ＜本件に関するお問い合わせ先＞ 株式会社ニチレイ　広報IR部　広報グループ Email：N1000X036@nichirei.co.jp   以上  プレスリリース検索 期間 表示順 事業会社で絞り込む プレスリリース 年別一覧表示,c68ff856d506e4a1b8bc3be7632c9e974698a9294857cdb225d33975001cb590
23/12/19,企業情報 トップメッセージ 会社概要 早わかり ニチレイってこんな会社 食品の安全・信頼 サステナビリティ サステナビリティ基本方針「ニチレイの約束」 ESG投資家向け情報 ニチレイグループのDX 新たな価値の創造 イニシアチブ IR・投資家情報 トップメッセージ 早わかり ニチレイってこんな会社 統合レポート イニシアチブ 食品の安全・信頼 品質基本方針 食品の安全Q＆A ニチレイフーズ 食の品質・安全への取り組み ニチレイフレッシュ品質 知る・楽しむ 食品ロス研究所 ニチレイCMギャラリ― 早わかりニチレイってこんな会社 ニチレイ75年史 氷の実験室（こおらす） 安全・安心な食の知識（こおらす） 氷と暮らしの物語（こおらす） おいしさへの取り組み（こおらす） 2023年12月19日 各位 株式会社ニチレイフーズ   ニチレイフーズ　人事異動について  株式会社ニチレイフーズ（代表取締役社長：竹永雅彦）の人事異動について、以下の通りお知らせいたします。 記 ＜人事異動＞ （2024年2月1日付） 氏　名 新　職 継　続　職 旧　職 松田　大資 食品総合研究所 商品開発部 第四ユニット長 執行役員 食品総合研究所 商品開発部長   ＜本件に関するお問い合わせ先＞ 株式会社ニチレイ　広報IR部　広報グループ Email：N1000X036@nichirei.co.jp   プレスリリース検索 期間 表示順 事業会社で絞り込む プレスリリース 年別一覧表示,bd3dcb5908d8ea4548ba39d919c88d61fa42696a429296b94ab827ff430762f8
